Date,Log Return
2016/1/5,-0.025378696
2016/1/6,-0.019763795
2016/1/7,-0.043121258
2016/1/8,0.005273894
2016/1/11,0.016062616
2016/1/12,0.014409154
2016/1/13,-0.026046812
2016/1/14,0.021635117
2016/1/15,-0.024308302
2016/1/19,-0.004850474
2016/1/20,0.001343854
2016/1/21,-0.005075084
2016/1/22,0.051801667
2016/1/25,-0.019715751
2016/1/26,0.005515754
2016/1/27,-0.067964554
2016/1/28,0.007145968
2016/1/29,0.03395843
2016/2/1,-0.009392726
2016/2/2,-0.020429179
2016/2/3,0.019599136
2016/2/4,0.008003113
2016/2/5,-0.02707129
2016/2/8,0.010474467
2016/2/9,-0.000210313
2016/2/10,-0.007608785
2016/2/11,-0.006064552
2016/2/12,0.003090107
2016/2/16,0.027804113
2016/2/17,0.015198568
2016/2/18,-0.019138094
2016/2/19,-0.002288213
2016/2/22,0.008708187
2016/2/23,-0.022864354
2016/2/24,0.014780602
2016/2/25,0.006844383
2016/2/26,0.001549101
2016/2/29,-0.002272502
2016/3/1,0.038946148
2016/3/2,0.002185793
2016/3/3,0.007416537
2016/3/4,0.014767461
2016/3/7,-0.011128503
2016/3/8,-0.008280266
2016/3/9,0.000890934
2016/3/10,0.000493839
2016/3/11,0.010716413
2016/3/14,0.002539193
2016/3/15,0.019894891
2016/3/16,0.013203452
2016/3/17,-0.00160555
2016/3/18,0.001133532
2016/3/21,-9.43E-05
2016/3/22,0.007618905
2016/3/23,-0.005543794
2016/3/24,-0.004343675
2016/3/28,-0.004553024
2016/3/29,0.023395919
2016/3/30,0.017308134
2016/3/31,-0.005216136
2016/4/1,0.009133395
2016/4/4,0.010221342
2016/4/5,-0.011859441
2016/4/6,0.010418621
2016/4/7,-0.022051404
2016/4/8,0.001105241
2016/4/11,0.003307491
2016/4/12,0.012940975
2016/4/13,0.014383894
2016/4/14,0.000535062
2016/4/15,-0.020275287
2016/4/18,-0.021811187
2016/4/19,-0.005317428
2016/4/20,0.002055721
2016/4/21,-0.010886987
2016/4/22,-0.002740368
2016/4/25,-0.005693727
2016/4/26,-0.006971385
2016/4/27,-0.064621489
2016/4/28,-0.031043259
2016/4/29,-0.011560922
2016/5/2,-0.001067073
2016/5/3,0.016311985
2016/5/4,-0.010455747
2016/5/5,-0.004067177
2016/5/6,-0.005592586
2016/5/9,0.00075455
2016/5/10,0.006766609
2016/5/11,-0.00978868
2016/5/12,-0.023736539
2016/5/13,0.001990696
2016/5/16,0.036446403
2016/5/17,-0.00416316
2016/5/18,0.011380421
2016/5/19,-0.003814237
2016/5/20,0.010769413
2016/5/23,0.012627621
2016/5/24,0.015129228
2016/5/25,0.017416167
2016/5/26,0.007898984
2016/5/27,-0.000597735
2016/5/31,-0.004895049
2016/6/1,-0.014118735
2016/6/2,-0.007544041
2016/6/3,0.002044425
2016/6/6,0.007224694
2016/6/7,0.004047152
2016/6/8,-0.000908777
2016/6/9,0.007150142
2016/6/10,-0.008262768
2016/6/13,-0.015191152
2016/6/14,0.00123179
2016/6/15,-0.003288495
2016/6/16,0.004211748
2016/6/17,-0.023020417
2016/6/20,-0.002415569
2016/6/21,0.008481417
2016/6/22,-0.003760708
2016/6/23,0.005739578
2016/6/24,-0.028498019
2016/6/27,-0.014668242
2016/6/28,0.01670077
2016/6/29,0.008617051
2016/6/30,0.012631799
2016/7/1,0.003029045
2016/7/5,-0.009430094
2016/7/6,0.005668773
2016/7/7,0.004282405
2016/7/8,0.007683817
2016/7/11,0.003098078
2016/7/12,0.004526892
2016/7/13,-0.005662017
2016/7/14,0.019626814
2016/7/15,-0.000101189
2016/7/18,0.010573407
2016/7/19,0.000400689
2016/7/20,0.000900817
2016/7/21,-0.005316327
2016/7/22,-0.007774074
2016/7/25,-0.013469738
2016/7/26,-0.006906835
2016/7/27,0.062940092
2016/7/28,0.013411711
2016/7/29,-0.001246996
2016/8/1,0.0175027
2016/8/2,-0.014914901
2016/8/3,0.01246019
2016/8/4,0.006158369
2016/8/5,0.015092925
2016/8/8,0.008246585
2016/8/9,0.004052169
2016/8/10,-0.007472237
2016/8/11,-0.000648281
2016/8/12,0.002313559
2016/8/15,0.01194552
2016/8/16,-0.000913901
2016/8/17,-0.001463936
2016/8/18,-0.001282562
2016/8/19,0.002563708
2016/8/22,-0.007802774
2016/8/23,0.003128374
2016/8/24,-0.007561891
2016/8/25,-0.004267087
2016/8/26,-0.005873863
2016/8/29,-0.001122908
2016/8/30,-0.007705841
2016/8/31,0.000942639
2016/9/1,0.005920386
2016/9/2,0.009325731
2016/9/6,-0.000278513
2016/9/7,0.006109428
2016/9/8,-0.026558253
2016/9/9,-0.022910397
2016/9/12,0.022151882
2016/9/13,0.023526064
2016/9/14,0.034775074
2016/9/15,0.033433115
2016/9/16,-0.005640384
2016/9/19,-0.011728792
2016/9/20,-8.79E-05
2016/9/21,-0.000175973
2016/9/22,0.00937896
2016/9/23,-0.016804293
2016/9/26,0.001507012
2016/9/27,0.0018588
2016/9/28,0.007575861
2016/9/29,-0.015655093
2016/9/30,0.007725688
2016/10/3,-0.004699505
2016/10/4,0.004257125
2016/10/5,0.00044238
2016/10/6,0.007402792
2016/10/7,0.001491409
2016/10/10,0.017296637
2016/10/11,0.002151996
2016/10/12,0.008902565
2016/10/13,-0.003072721
2016/10/14,0.00554105
2016/10/17,-0.000680259
2016/10/18,-0.000680863
2016/10/19,-0.002983788
2016/10/20,-0.000512426
2016/10/21,-0.003937488
2016/10/24,0.008964905
2016/10/25,0.005086978
2016/10/26,-0.022751702
2016/10/27,-0.009649232
2016/10/28,-0.00666077
2016/10/31,-0.001584233
2016/11/1,-0.018220282
2016/11/2,0.000896465
2016/11/3,-0.010776592
2016/11/4,-0.009054907
2016/11/7,0.014321969
2016/11/8,0.00586992
2016/11/9,-0.001622376
2016/11/10,-0.028263778
2016/11/11,0.00592027
2016/11/14,-0.025405258
2016/11/15,0.013156759
2016/11/16,0.026533112
2016/11/17,-0.000363898
2016/11/18,0.001000157
2016/11/21,0.015059812
2016/11/22,0.00062606
2016/11/23,-0.005111293
2016/11/25,0.005022006
2016/11/28,-0.001970167
2016/11/29,-0.000986172
2016/11/30,-0.008469461
2016/12/1,-0.009363321
2016/12/2,0.0037379
2016/12/5,-0.007214354
2016/12/6,0.007668832
2016/12/7,0.00977498
2016/12/8,0.009769313
2016/12/9,0.016189804
2016/12/12,-0.005720404
2016/12/13,0.016543959
2016/12/14,0
2016/12/15,0.005453887
2016/12/16,0.001294409
2016/12/19,0.005761017
2016/12/20,0.002654051
2016/12/21,0.00094011
2016/12/22,-0.006599975
2016/12/23,0.001976371
2016/12/27,0.0063308
2016/12/28,-0.004273257
2016/12/29,-0.000256926
2016/12/30,-0.007826601
2017/1/3,0.00284542
2017/1/4,-0.00111989
2017/1/5,0.005072423
2017/1/6,0.011086583
2017/1/9,0.00911787
2017/1/10,0.001007945
2017/1/11,0.005358709
2017/1/12,-0.004184148
2017/1/13,-0.001762395
2017/1/17,0.008032309
2017/1/18,-8.33E-05
2017/1/19,-0.001751516
2017/1/20,0.001834838
2017/1/23,0.000666399
2017/1/24,-0.000916593
2017/1/25,0.015795056
2017/1/26,0.00049242
2017/1/27,8.21E-05
2017/1/30,-0.002627633
2017/1/31,-0.002304729
2017/2/1,0.059193793
2017/2/2,-0.001710226
2017/2/3,0.00426987
2017/2/6,0.009330482
2017/2/7,0.00947205
2017/2/8,0.003869968
2017/2/9,0.007200353
2017/2/10,-0.002268627
2017/2/13,0.008816681
2017/2/14,0.012895985
2017/2/15,0.0036225
2017/2/16,-0.001181263
2017/2/17,0.002729643
2017/2/21,0.00719494
2017/2/22,0.002994926
2017/2/23,-0.004239412
2017/2/24,0.000951707
2017/2/27,0.001973764
2017/2/28,0.000438092
2017/3/1,0.020233569
2017/3/2,-0.005955788
2017/3/3,0.005884043
2017/3/6,-0.003152828
2017/3/7,0.001290936
2017/3/8,-0.003733509
2017/3/9,-0.002305446
2017/3/10,0.00331174
2017/3/13,0.000431548
2017/3/14,-0.00151023
2017/3/15,0.010520757
2017/3/16,0.001636198
2017/3/17,-0.004987465
2017/3/20,0.010445526
2017/3/21,-0.011518241
2017/3/22,0.01123543
2017/3/23,-0.003541958
2017/3/24,-0.001988841
2017/3/27,0.001705179
2017/3/28,0.02051468
2017/3/29,0.002223111
2017/3/30,-0.001319497
2017/3/31,-0.001877282
2017/4/3,0.000278516
2017/4/4,0.00741831
2017/4/5,-0.005193996
2017/4/6,-0.002502829
2017/4/7,-0.002230122
2017/4/10,-0.001186804
2017/4/11,-0.010814398
2017/4/12,0.001199353
2017/4/13,-0.00530319
2017/4/17,0.005514882
2017/4/18,-0.004451945
2017/4/19,-0.003689587
2017/4/20,0.0124334
2017/4/21,-0.001194306
2017/4/24,0.009583089
2017/4/25,0.006177132
2017/4/26,-0.005898692
2017/4/27,0.000765113
2017/4/28,-0.000973736
2017/5/1,0.020191808
2017/5/2,0.00632415
2017/5/3,-0.003055111
2017/5/4,-0.003610634
2017/5/5,0.016447968
2017/5/8,0.02682508
2017/5/9,0.006384562
2017/5/10,-0.004751797
2017/5/11,0.008611187
2017/5/12,0.013868659
2017/5/15,-0.002565614
2017/5/16,-0.001478038
2017/5/17,-0.034152179
2017/5/18,0.01512613
2017/5/19,0.003403318
2017/5/22,0.006057618
2017/5/23,-0.001234991
2017/5/24,-0.002995291
2017/5/25,0.003450398
2017/5/26,-0.001691094
2017/5/30,0.000390466
2017/5/31,-0.005938967
2017/6/1,0.002745232
2017/6/2,0.014710974
2017/6/5,-0.00982638
2017/6/6,0.003372108
2017/6/7,0.005938881
2017/6/8,-0.002448584
2017/6/9,-0.039548521
2017/6/12,-0.024185898
2017/6/13,0.008013623
2017/6/14,-0.009803071
2017/6/15,-0.006011545
2017/6/16,-0.014098393
2017/6/19,0.028205773
2017/6/20,-0.009129785
2017/6/21,0.005913207
2017/6/22,-0.00164686
2017/6/23,0.004453522
2017/6/26,-0.003149628
2017/6/27,-0.014436529
2017/6/28,0.014505243
2017/6/29,-0.014853316
2017/6/30,0.002363717
2017/7/3,-0.003616874
2017/7/5,0.004102878
2017/7/6,-0.009483144
2017/7/7,0.010107466
2017/7/10,0.006085085
2017/7/11,0.003234959
2017/7/12,0.001441972
2017/7/13,0.013832827
2017/7/14,0.008557366
2017/7/17,0.003482883
2017/7/18,0.003471447
2017/7/19,0.006243338
2017/7/20,-0.004512938
2017/7/21,-0.000465361
2017/7/24,0.012038361
2017/7/25,0.004264762
2017/7/26,0.004702868
2017/7/27,-0.019078314
2017/7/28,-0.007065254
2017/7/31,-0.005163887
2017/8/1,0.008836104
2017/8/2,0.046168253
2017/8/3,-0.010040931
2017/8/4,0.005256981
2017/8/7,0.015355399
2017/8/8,0.007965461
2017/8/9,0.006103153
2017/8/10,-0.032370148
2017/8/11,0.013810825
2017/8/14,0.014937741
2017/8/15,0.010887804
2017/8/16,-0.004030225
2017/8/17,-0.019385141
2017/8/18,-0.002282911
2017/8/21,-0.001842993
2017/8/22,0.016215678
2017/8/23,0.001250606
2017/8/24,-0.004447563
2017/8/25,0.003696981
2017/8/28,0.010021306
2017/8/29,0.008878178
2017/8/30,0.002697516
2017/8/31,0.003971326
2017/9/1,0.00030485
2017/9/5,-0.012081195
2017/9/6,-0.001049437
2017/9/7,-0.004022793
2017/9/8,-0.01644352
2017/9/11,0.017930903
2017/9/12,-0.003970774
2017/9/13,-0.007551235
2017/9/14,-0.008617546
2017/9/15,0.010057593
2017/9/18,-0.007597085
2017/9/19,0.000378074
2017/9/20,-0.01689966
2017/9/21,-0.017321048
2017/9/22,-0.009827173
2017/9/25,-0.008861113
2017/9/26,0.017057027
2017/9/27,0.007092478
2017/9/28,-0.006178518
2017/9/29,0.005464916
2017/10/2,-0.002013438
2017/10/3,0.004346569
2017/10/4,-0.006494018
2017/10/5,0.012367793
2017/10/6,-0.000579411
2017/10/9,0.003470918
2017/10/10,0.000384834
2017/10/11,0.004161022
2017/10/12,-0.003519753
2017/10/13,0.006326497
2017/10/16,0.018241088
2017/10/17,0.003683815
2017/10/18,-0.004434664
2017/10/19,-0.023944812
2017/10/20,0.001729347
2017/10/23,-0.000511891
2017/10/24,0.005937469
2017/10/25,-0.004402062
2017/10/26,0.006373376
2017/10/27,0.035202906
2017/10/30,0.022258756
2017/10/31,0.013819813
2017/11/1,-0.012800443
2017/11/2,0.007283618
2017/11/3,0.025778442
2017/11/6,0.010094036
2017/11/7,0.003208512
2017/11/8,0.008147274
2017/11/9,-0.00204486
2017/11/10,-0.003315162
2017/11/13,-0.004015586
2017/11/14,-0.015232925
2017/11/15,-0.013277838
2017/11/16,0.011876038
2017/11/17,-0.005567816
2017/11/20,-0.000999582
2017/11/21,0.018419686
2017/11/22,0.010457023
2017/11/24,5.70E-05
2017/11/27,-0.00504231
2017/11/28,-0.005875873
2017/11/29,-0.020961434
2017/11/30,0.013887278
2017/12/1,-0.004666281
2017/12/4,-0.007334745
2017/12/5,-0.000942634
2017/12/6,-0.003720504
2017/12/7,0.001832471
2017/12/8,0.000295172
2017/12/11,0.019296705
2017/12/12,-0.005633738
2017/12/13,0.003314399
2017/12/14,-0.000290296
2017/12/15,0.010110176
2017/12/18,0.013984748
2017/12/19,-0.010713712
2017/12/20,-0.001089064
2017/12/21,0.00377855
2017/12/22,0
2017/12/26,-0.02569767
2017/12/27,0.000175854
2017/12/28,0.002809648
2017/12/29,-0.010872607
2018/1/2,0.017746264
2018/1/3,-0.000173971
2018/1/4,0.004634196
2018/1/5,0.011320994
2018/1/8,-0.003721258
2018/1/9,-0.000114649
2018/1/10,-0.000229801
2018/1/11,0.005664383
2018/1/12,0.01027321
2018/1/16,-0.005095143
2018/1/17,0.016381341
2018/1/18,0.000893138
2018/1/19,-0.004472779
2018/1/22,-0.008214868
2018/1/23,0.000225826
2018/1/24,-0.016056668
2018/1/25,-0.018012185
2018/1/26,0.00233476
2018/1/29,-0.020915516
2018/1/30,-0.005911979
2018/1/31,0.002751561
2018/2/1,0.002088135
2018/2/2,-0.044359654
2018/2/5,-0.025301689
2018/2/6,0.040941793
2018/2/7,-0.021639473
2018/2/8,-0.02790222
2018/2/9,0.012156855
2018/2/12,0.039489118
2018/2/13,0.009967838
2018/2/14,0.018269546
2018/2/15,0.033026825
2018/2/16,-0.003242249
2018/2/20,-0.003369377
2018/2/21,-0.004549401
2018/2/22,0.008324261
2018/2/23,0.017242121
2018/2/26,0.0195791
2018/2/27,-0.003245781
2018/2/28,-0.001515038
2018/3/1,-0.017671293
2018/3/2,0.006890404
2018/3/5,0.003455762
2018/3/6,-0.000848554
2018/3/7,-0.009326261
2018/3/8,0.010853542
2018/3/9,0.01703475
2018/3/12,0.009621376
2018/3/13,-0.009677039
2018/3/14,-0.008537807
2018/3/15,0.001176379
2018/3/16,-0.003532753
2018/3/19,-0.01539696
2018/3/20,-0.000342481
2018/3/21,-0.022915189
2018/3/22,-0.014230427
2018/3/23,-0.02342909
2018/3/26,0.046379692
2018/3/27,-0.025975749
2018/3/28,-0.011110569
2018/3/29,0.007778418
2018/4/2,-0.006577972
2018/4/3,0.010207148
2018/4/4,0.018942095
2018/4/5,0.006910099
2018/4/6,-0.0259114
2018/4/9,0.009868992
2018/4/10,0.018643362
2018/4/11,-0.004686263
2018/4/12,0.009809975
2018/4/13,0.003382109
2018/4/16,0.006218982
2018/4/17,0.013670405
2018/4/18,-0.002246806
2018/4/19,-0.028749356
2018/4/20,-0.041835373
2018/4/23,-0.002900575
2018/4/24,-0.014017009
2018/4/25,0.00434813
2018/4/26,0.003477006
2018/4/27,-0.011637147
2018/4/30,0.017949874
2018/5/1,0.022970596
2018/5/2,0.043226734
2018/5/3,0.001810805
2018/5/4,0.038483605
2018/5/7,0.007209015
2018/5/8,0.004794843
2018/5/9,0.007016371
2018/5/10,0.014202671
2018/5/11,-0.003810508
2018/5/14,-0.002335964
2018/5/15,-0.009130022
2018/5/16,0.009289811
2018/5/17,-0.006343844
2018/5/18,-0.003643082
2018/5/21,0.00705996
2018/5/22,-0.002508134
2018/5/23,0.006390656
2018/5/24,-0.001115344
2018/5/25,0.002283217
2018/5/29,-0.003612652
2018/5/30,-0.002131121
2018/5/31,-0.003365675
2018/6/1,0.017873231
2018/6/4,0.00832339
2018/6/5,0.007685487
2018/6/6,0.003460032
2018/6/7,-0.002684397
2018/6/8,-0.009139063
2018/6/11,-0.002454903
2018/6/12,0.005475863
2018/6/13,-0.008251161
2018/6/14,0.00052443
2018/6/15,-0.010325885
2018/6/18,-0.000529704
2018/6/19,-0.016291777
2018/6/20,0.004352547
2018/6/21,-0.005591808
2018/6/22,-0.002915817
2018/6/25,-0.014983183
2018/6/26,0.012329684
2018/6/27,-0.001464901
2018/6/28,0.007249775
2018/6/29,-0.002104551
2018/7/2,0.011120179
2018/7/3,-0.017569574
2018/7/5,0.008014876
2018/7/6,0.013766498
2018/7/9,0.013789871
2018/7/10,-0.001207613
2018/7/11,-0.013061211
2018/7/12,0.01662711
2018/7/13,0.001569162
2018/7/16,-0.002197585
2018/7/17,0.002824628
2018/7/18,-0.005499584
2018/7/19,0.007743071
2018/7/20,-0.002295697
2018/7/23,0.000887545
2018/7/24,0.007228111
2018/7/25,0.009385833
2018/7/26,-0.003135906
2018/7/27,-0.016771485
2018/7/30,-0.005618332
2018/7/31,0.001998971
2018/8/1,0.057240265
2018/8/2,0.02881182
2018/8/3,0.002888695
2018/8/6,0.005179007
2018/8/7,-0.009418966
2018/8/8,0.0006759
2018/8/9,0.007834049
2018/8/10,-0.002983157
2018/8/13,0.006436119
2018/8/14,0.00420438
2018/8/15,0.002333407
2018/8/16,0.014543862
2018/8/17,0.019772985
2018/8/20,-0.009791355
2018/8/21,-0.001951181
2018/8/22,4.65E-05
2018/8/23,0.002043986
2018/8/24,0.003104358
2018/8/27,0.008200792
2018/8/28,0.00804327
2018/8/29,0.014819139
2018/8/30,0.009151623
2018/8/31,0.011487856
2018/9/4,0.003201761
2018/9/5,-0.006546216
2018/9/6,-0.016757189
2018/9/7,-0.008100734
2018/9/10,-0.013511709
2018/9/11,0.024968679
2018/9/12,-0.012496774
2018/9/13,0.023868103
2018/9/14,-0.011416113
2018/9/17,-0.026986908
2018/9/18,0.001650868
2018/9/19,0.000595567
2018/9/20,0.007573016
2018/9/21,-0.010829674
2018/9/24,0.014277845
2018/9/25,0.006320913
2018/9/26,-0.007998177
2018/9/27,0.020343223
2018/9/28,0.003505901
2018/10/1,0.006710724
2018/10/2,0.008849234
2018/10/3,0.012095107
2018/10/4,-0.017737375
2018/10/5,-0.016361911
2018/10/8,-0.002321035
2018/10/9,0.013758419
2018/10/10,-0.047433509
2018/10/11,-0.008867017
2018/10/12,0.035096063
2018/10/15,-0.021617656
2018/10/16,0.021797669
2018/10/17,-0.004330651
2018/10/18,-0.023651261
2018/10/19,0.015115338
2018/10/22,0.006091679
2018/10/23,0.009382489
2018/10/24,-0.03490379
2018/10/25,0.0216615
2018/10/26,-0.016051583
2018/10/29,-0.018948791
2018/10/30,0.00498182
2018/10/31,0.025732819
2018/11/1,0.015235539
2018/11/2,-0.068632763
2018/11/5,-0.028799188
2018/11/6,0.010756106
2018/11/7,0.029877399
2018/11/8,-0.003495252
2018/11/9,-0.01946983
2018/11/12,-0.051687199
2018/11/13,-0.010041419
2018/11/14,-0.028654169
2018/11/15,0.024379387
2018/11/16,0.011014857
2018/11/19,-0.040438767
2018/11/20,-0.048957082
2018/11/21,-0.001130721
2018/11/23,-0.025727097
2018/11/26,0.013433266
2018/11/27,-0.002178574
2018/11/28,0.03773162
2018/11/29,-0.007711545
2018/11/30,-0.005416733
2018/12/3,0.034345281
2018/12/4,-0.044985383
2018/12/6,-0.011212107
2018/12/7,-0.036308471
2018/12/10,0.006566468
2018/12/11,-0.005735904
2018/12/12,0.002783361
2018/12/13,0.010880851
2018/12/14,-0.032520665
2018/12/17,-0.009349917
2018/12/18,0.012908867
2018/12/19,-0.031688438
2018/12/20,-0.025558447
2018/12/21,-0.0396725
2018/12/24,-0.026214699
2018/12/26,0.068052612
2018/12/27,-0.006511076
2018/12/28,0.000512386
2018/12/31,0.009619313
2019/1/2,0.0011397
2019/1/3,-0.104924013
2019/1/4,0.041803537
2019/1/7,-0.002228705
2019/1/8,0.018883804
2019/1/9,0.016839096
2019/1/10,0.003191297
2019/1/11,-0.00986675
2019/1/14,-0.01515126
2019/1/15,0.020260078
2019/1/16,0.012142882
2019/1/17,0.005919891
2019/1/18,0.006140401
2019/1/22,-0.02270191
2019/1/23,0.004036211
2019/1/24,-0.007957824
2019/1/25,0.032599813
2019/1/28,-0.009297451
2019/1/29,-0.010419049
2019/1/30,0.066101269
2019/1/31,0.007175634
2019/2/1,0.000480428
2019/2/4,0.028009003
2019/2/5,0.016964802
2019/2/6,0.000344241
2019/2/7,-0.019121093
2019/2/8,0.001174271
2019/2/11,-0.005767299
2019/2/12,0.008579806
2019/2/13,-0.00416314
2019/2/14,0.003636717
2019/2/15,-0.002227248
2019/2/19,0.002988054
2019/2/20,0.006414908
2019/2/21,-0.005654495
2019/2/22,0.011103586
2019/2/25,0.007258211
2019/2/26,0.000573761
2019/2/27,0.003092614
2019/2/28,-0.009884481
2019/3/1,0.010456415
2019/3/4,0.005016633
2019/3/5,-0.001821155
2019/3/6,-0.005770668
2019/3/7,-0.011642026
2019/3/8,0.002373845
2019/3/11,0.034055632
2019/3/12,0.011172716
2019/3/13,0.004412646
2019/3/14,0.01105511
2019/3/15,0.012924236
2019/3/18,0.010156633
2019/3/19,-0.007956141
2019/3/20,0.008700665
2019/3/21,0.036168111
2019/3/22,-0.020925582
2019/3/25,-0.012165058
2019/3/26,-0.010385281
2019/3/27,0.008953881
2019/3/28,0.001325568
2019/3/29,0.006496382
2019/4/1,0.006768327
2019/4/2,0.014432219
2019/4/3,0.006831569
2019/4/4,0.00173885
2019/4/5,0.006672083
2019/4/8,0.015613455
2019/4/9,-0.003003015
2019/4/10,0.005598406
2019/4/11,-0.008359007
2019/4/12,-0.00040238
2019/4/15,0.001808836
2019/4/16,0.000100089
2019/4/17,0.01928581
2019/4/18,0.00358738
2019/4/22,0.003281321
2019/4/23,0.014320305
2019/4/24,-0.001543538
2019/4/25,-0.009116518
2019/4/26,-0.004785518
2019/4/29,0.001516205
2019/4/30,-0.019443999
2019/5/1,0.047919023
2019/5/2,-0.006529009
2019/5/3,0.01235455
2019/5/6,-0.015563044
2019/5/7,-0.027327167
2019/5/8,0.000197292
2019/5/9,-0.010802168
2019/5/10,-0.013950468
2019/5/13,-0.059877015
2019/5/14,0.015706466
2019/5/15,0.011907906
2019/5/16,-0.004409339
2019/5/17,-0.005698061
2019/5/20,-0.031769255
2019/5/21,0.018989628
2019/5/22,-0.020684185
2019/5/23,-0.017216847
2019/5/24,-0.003848239
2019/5/28,-0.004143356
2019/5/29,-0.004780334
2019/5/30,0.005173072
2019/5/31,-0.018281738
2019/6/3,-0.010161277
2019/6/4,0.035930237
2019/6/5,0.016014662
2019/6/6,0.014574954
2019/6/7,0.026268747
2019/6/10,0.012698548
2019/6/11,0.011513127
2019/6/12,-0.003187679
2019/6/13,-0.000206085
2019/6/14,-0.007288726
2019/6/17,0.005948709
2019/6/18,0.023246174
2019/6/19,-0.002926867
2019/6/20,0.008003384
2019/6/21,-0.003415083
2019/6/24,-0.001006716
2019/6/25,-0.015273412
2019/6/26,0.021398468
2019/6/27,-0.000300383
2019/6/28,-0.009153821
2019/7/1,0.018174504
2019/7/2,0.005837551
2019/7/3,0.008252908
2019/7/5,-0.000880926
2019/7/8,-0.020829465
2019/7/9,0.006080857
2019/7/10,0.009840023
2019/7/11,-0.007308902
2019/7/12,0.007653491
2019/7/15,0.009351187
2019/7/16,-0.00346621
2019/7/17,-0.005639048
2019/7/18,0.011295812
2019/7/19,-0.015040183
2019/7/22,0.022596605
2019/7/23,0.007787432
2019/7/24,-0.000814365
2019/7/25,-0.007938379
2019/7/26,0.003471711
2019/7/29,0.009295227
2019/7/30,-0.004301649
2019/7/31,0.020199133
2019/8/1,-0.021876838
2019/8/2,-0.021385234
2019/8/5,-0.053767718
2019/8/6,0.01875341
2019/8/7,0.010301923
2019/8/8,0.021816364
2019/8/9,-0.008274471
2019/8/12,-0.002540671
2019/8/13,0.041476075
2019/8/14,-0.030217047
2019/8/15,-0.004993745
2019/8/16,0.023320528
2019/8/19,0.018472417
2019/8/20,4.76E-05
2019/8/21,0.010780217
2019/8/22,-0.000846652
2019/8/23,-0.047323
2019/8/26,0.018821152
2019/8/27,-0.011348203
2019/8/28,0.006688066
2019/8/29,0.016789863
2019/8/30,-0.001292399
2019/9/3,-0.014670572
2019/9/4,0.016823894
2019/9/5,0.019363043
2019/9/6,-9.38E-05
2019/9/9,0.004258005
2019/9/10,0.011743871
2019/9/11,0.031300257
2019/9/12,-0.002238828
2019/9/13,-0.019645871
2019/9/16,0.005243527
2019/9/17,0.003631386
2019/9/18,0.009335598
2019/9/19,-0.008158224
2019/9/20,-0.014725845
2019/9/23,0.004536511
2019/9/24,-0.004766486
2019/9/25,0.015272563
2019/9/26,-0.005170968
2019/9/27,-0.004877903
2019/9/30,0.023262573
2019/10/1,0.002764289
2019/10/2,-0.025387285
2019/10/3,0.008458763
2019/10/4,0.027646036
2019/10/7,0.000220315
2019/10/8,-0.011783966
2019/10/9,0.011651727
2019/10/10,0.013388407
2019/10/11,0.026250841
2019/10/14,-0.001440349
2019/10/15,-0.002334547
2019/10/16,-0.004045446
2019/10/17,0.003875357
2019/10/18,0.004791323
2019/10/21,0.017193976
2019/10/22,-0.002289194
2019/10/23,0.013329537
2019/10/24,0.001643572
2019/10/25,0.012241081
2019/10/28,0.00996711
2019/10/29,-0.023399507
2019/10/30,-0.000123352
2019/10/31,0.022357724
2019/11/1,0.027985585
2019/11/4,0.006545521
2019/11/5,-0.001437942
2019/11/6,0.000427971
2019/11/7,0.011475065
2019/11/8,0.002732959
2019/11/11,0.007887733
2019/11/12,-0.000915906
2019/11/13,0.009535895
2019/11/14,-0.006943503
2019/11/15,0.011809703
2019/11/18,0.005029243
2019/11/19,-0.003037015
2019/11/20,-0.011709834
2019/11/21,-0.004493535
2019/11/22,-0.000878073
2019/11/25,0.017381676
2019/11/26,-0.007839436
2019/11/27,0.013342864
2019/11/29,-0.002205268
2019/12/2,-0.011629555
2019/12/3,-0.017990864
2019/12/4,0.008787727
2019/12/5,0.014563893
2019/12/6,0.019132362
2019/12/9,-0.014098892
2019/12/10,0.005827246
2019/12/11,0.008493124
2019/12/12,0.002545159
2019/12/13,0.013501617
2019/12/16,0.016973086
2019/12/17,0.001963718
2019/12/18,-0.002392669
2019/12/19,0.001000448
2019/12/20,-0.002073236
2019/12/23,0.016186695
2019/12/24,0.000949943
2019/12/26,0.019646405
2019/12/27,-0.000379899
2019/12/30,0.005917793
2019/12/31,0.007280151
2020/1/2,0.022559793
2020/1/3,-0.009769703
2020/1/6,0.007936788
2020/1/7,-0.004714002
2020/1/8,0.015957982
2020/1/9,0.02101816
2020/1/10,0.002258104
2020/1/13,0.021139484
2020/1/14,-0.013595218
2020/1/15,-0.004294342
2020/1/16,0.012448437
2020/1/17,0.011010164
2020/1/21,-0.006799925
2020/1/22,0.003563121
2020/1/23,0.004804253
2020/1/24,-0.002886123
2020/1/27,-0.029846132
2020/1/28,0.02789633
2020/1/29,0.020716515
2020/1/30,-0.001450304
2020/1/31,-0.045351658
2020/2/3,-0.002750002
2020/2/4,0.032480313
2020/2/5,0.008121269
2020/2/6,0.011629009
2020/2/7,-0.013685792
2020/2/10,0.004738192
2020/2/11,-0.006051535
2020/2/12,0.023470363
2020/2/13,-0.007146622
2020/2/14,0.000246292
2020/2/18,-0.018480448
2020/2/19,0.014378852
2020/2/20,-0.010311796
2020/2/21,-0.022895071
2020/2/24,-0.048665662
2020/2/25,-0.034459093
2020/2/26,0.015739197
2020/2/27,-0.067602787
2020/2/28,-0.000585075
2020/3/2,0.089018199
2020/3/3,-0.032274548
2020/3/4,0.04534106
2020/3/5,-0.032974904
2020/3/6,-0.013368819
2020/3/9,-0.082395638
2020/3/10,0.069546757
2020/3/11,-0.035348128
2020/3/12,-0.103977853
2020/3/13,0.113157397
2020/3/16,-0.137708059
2020/3/17,0.043030947
2020/3/18,-0.024784502
2020/3/19,-0.00769166
2020/3/20,-0.065590382
2020/3/23,-0.021473021
2020/3/24,0.095605917
2020/3/25,-0.005523893
2020/3/26,0.051285165
2020/3/27,-0.042283592
2020/3/30,0.028138045
2020/3/31,-0.002042725
2020/4/1,-0.054051938
2020/4/2,0.01654887
2020/4/3,-0.01447565
2020/4/6,0.083640092
2020/4/7,-0.011650003
2020/4/8,0.025272781
2020/4/9,0.00718958
2020/4/13,0.019437868
2020/4/14,0.049269477
2020/4/15,-0.009169405
2020/4/16,0.007914179
2020/4/17,-0.013661108
2020/4/20,-0.020975572
2020/4/21,-0.031398105
2020/4/22,0.028396922
2020/4/23,-0.003883287
2020/4/24,0.028460845
2020/4/27,0.000706352
2020/4/28,-0.016342043
2020/4/29,0.032317091
2020/4/30,0.020876826
2020/5/1,-0.016230286
2020/5/4,0.014049578
2020/5/5,0.014897341
2020/5/6,0.010264515
2020/5/7,0.010291911
2020/5/8,0.023522648
2020/5/11,0.015612934
2020/5/12,-0.01149391
2020/5/13,-0.012147762
2020/5/14,0.006124619
2020/5/15,-0.005929701
2020/5/18,0.023287841
2020/5/19,-0.005795092
2020/5/20,0.01926155
2020/5/21,-0.007483661
2020/5/22,0.006417835
2020/5/26,-0.006796559
2020/5/27,0.004347528
2020/5/28,0.000440095
2020/5/29,-0.000974545
2020/6/1,0.012222905
2020/6/2,0.004618663
2020/6/3,0.005490117
2020/6/4,-0.008649578
2020/6/5,0.028082953
2020/6/8,0.005895216
2020/6/9,0.031089707
2020/6/10,0.025402123
2020/6/11,-0.049201152
2020/6/12,0.008596123
2020/6/15,0.012291405
2020/6/16,0.02615719
2020/6/17,-0.001392635
2020/6/18,0.000398195
2020/6/19,-0.005731082
2020/6/22,0.02582735
2020/6/23,0.02112027
2020/6/24,-0.017809881
2020/6/25,0.013188357
2020/6/26,-0.031207769
2020/6/29,0.022785079
2020/6/30,0.008313012
2020/7/1,-0.001893268
2020/7/2,0
2020/7/6,0.026398843
2020/7/7,-0.003107833
2020/7/8,0.02302299
2020/7/9,0.004291217
2020/7/10,0.00174758
2020/7/13,-0.004623847
2020/7/14,0.016413045
2020/7/15,0.00685376
2020/7/16,-0.012381081
2020/7/17,-0.002022583
2020/7/20,0.020854913
2020/7/21,-0.013897545
2020/7/22,0.002805134
2020/7/23,-0.046584862
2020/7/24,-0.002480274
2020/7/27,0.02342375
2020/7/28,-0.016564086
2020/7/29,0.018987007
2020/7/30,0.01202765
2020/7/31,0.09956358
2020/8/3,0.024885313
2020/8/4,0.006655916
2020/8/5,0.003618199
2020/8/6,0.03429435
2020/8/7,-0.022998199
2020/8/10,0.014430309
2020/8/11,-0.03019121
2020/8/12,0.032694099
2020/8/13,0.017542711
2020/8/14,-0.000891545
2020/8/17,-0.002614289
2020/8/18,0.008298234
2020/8/19,0.001253813
2020/8/20,0.021946995
2020/8/21,0.050248823
2020/8/24,0.011889255
2020/8/25,-0.008237536
2020/8/26,0.01350735
2020/8/27,-0.012026469
2020/8/28,-0.001621052
2020/8/31,0.033349787
2020/9/1,0.039059707
2020/9/2,-0.020936277
2020/9/3,-0.083447623
2020/9/4,0.000661455
2020/9/8,-0.069666021
2020/9/9,0.039111649
2020/9/10,-0.033190545
2020/9/11,-0.013215837
2020/9/14,0.029558766
2020/9/15,0.001559043
2020/9/16,-0.02995788
2020/9/17,-0.016092186
2020/9/18,-0.032234331
2020/9/21,0.029875003
2020/9/22,0.015593438
2020/9/23,-0.042851058
2020/9/24,0.010216319
2020/9/25,0.036829695
2020/9/28,0.023588443
2020/9/29,-0.007596576
2020/9/30,0.014963183
2020/10/1,0.008426624
2020/10/2,-0.032812576
2020/10/5,0.030326461
2020/10/6,-0.029088476
2020/10/7,0.016824742
2020/10/8,-0.000956121
2020/10/9,0.017246071
2020/10/12,0.061584717
2020/10/13,-0.026885583
2020/10/14,0.000742844
2020/10/15,-0.003968592
2020/10/16,-0.014099354
2020/10/19,-0.025873724
2020/10/20,0.013105684
2020/10/21,-0.005461214
2020/10/22,-0.009629433
2020/10/23,-0.006152832
2020/10/26,8.69E-05
2020/10/27,0.013382414
2020/10/28,-0.047418963
2020/10/29,0.036380527
2020/10/30,-0.057648236
2020/11/2,-0.000826945
2020/11/3,0.015236586
2020/11/4,0.040024979
2020/11/5,0.034878317
2020/11/6,-0.001136842
2020/11/9,-0.02017006
2020/11/10,-0.003013299
2020/11/11,0.029901036
2020/11/12,-0.002346113
2020/11/13,0.000419502
2020/11/16,0.00868252
2020/11/17,-0.007593146
2020/11/18,-0.011456605
2020/11/19,0.005154779
2020/11/20,-0.011017959
2020/11/23,-0.030193956
2020/11/24,0.011527523
2020/11/25,0.007439484
2020/11/27,0.004814673
2020/11/30,0.020880158
2020/12/1,0.030361877
2020/12/2,0.002929165
2020/12/3,-0.00113809
2020/12/4,-0.005628227
2020/12/7,0.012195232
2020/12/8,0.005077833
2020/12/9,-0.021125253
2020/12/10,0.011917523
2020/12/11,-0.006757503
2020/12/14,-0.00516002
2020/12/15,0.048876216
2020/12/16,-0.000547433
2020/12/17,0.006939251
2020/12/18,-0.015977829
2020/12/21,0.012319174
2020/12/22,0.028067069
2020/12/23,-0.007000509
2020/12/24,0.007682718
2020/12/28,0.035141007
2020/12/29,-0.01340441
2020/12/30,-0.008563349
2020/12/31,-0.007732262
2021/1/4,-0.025030028
2021/1/5,0.012287957
2021/1/6,-0.034241211
2021/1/7,0.033554001
2021/1/8,0.00859438
2021/1/11,-0.023523342
2021/1/12,-0.001396668
2021/1/13,0.016096535
2021/1/14,-0.01524275
2021/1/15,-0.013825739
2021/1/19,0.005412403
2021/1/20,0.032327868
2021/1/21,0.036002605
2021/1/22,0.015945779
2021/1/25,0.027307457
2021/1/26,0.001677717
2021/1/27,-0.007713194
2021/1/28,-0.035611929
2021/1/29,-0.038138656
2021/2/1,0.016385026
2021/2/2,0.006316795
2021/2/3,-0.007808534
2021/2/4,0.025431371
2021/2/5,-0.003102735
2021/2/8,0.001096022
2021/2/9,-0.006595253
2021/2/10,-0.004568833
2021/2/11,-0.001922307
2021/2/12,0.001774577
2021/2/16,-0.016235048
2021/2/17,-0.017801591
2021/2/18,-0.008673927
2021/2/19,0.00123256
2021/2/22,-0.030251902
2021/2/23,-0.00111171
2021/2/24,-0.004060347
2021/2/25,-0.035401964
2021/2/26,0.00222913
2021/3/1,0.052451284
2021/3/2,-0.021115029
2021/3/3,-0.024760575
2021/3/4,-0.015938227
2021/3/5,0.010681198
2021/3/8,-0.042566912
2021/3/9,0.039845355
2021/3/10,-0.009209112
2021/3/11,0.016368107
2021/3/12,-0.007654737
2021/3/15,0.024162509
2021/3/16,0.012662492
2021/3/17,-0.006471371
2021/3/18,-0.034493324
2021/3/19,-0.004490333
2021/3/22,0.027941708
2021/3/23,-0.006912574
2021/3/24,-0.020196157
2021/3/25,0.00415509
2021/3/26,0.005128194
2021/3/29,0.001483964
2021/3/30,-0.012350491
2021/3/31,0.018591745
2021/4/1,0.006934505
2021/4/5,0.023303756
2021/4/6,0.002459142
2021/4/7,0.013301361
2021/4/8,0.019051189
2021/4/9,0.020049294
2021/4/12,-0.013321314
2021/4/13,0.024015568
2021/4/14,-0.018014148
2021/4/15,0.01853501
2021/4/16,-0.002530923
2021/4/19,0.005055687
2021/4/20,-0.01291311
2021/4/21,0.00292575
2021/4/22,-0.01175424
2021/4/23,0.017877672
2021/4/26,0.002973603
2021/4/27,-0.002452546
2021/4/28,-0.00604566
2021/4/29,-0.000748766
2021/4/30,-0.015249247
2021/5/3,0.008181964
2021/5/4,-0.03602666
2021/5/5,0.001953474
2021/5/6,0.012721267
2021/5/7,0.005313396
2021/5/10,-0.026143569
2021/5/11,-0.0074376
2021/5/12,-0.025254919
2021/5/13,0.017761151
2021/5/14,0.019650198
2021/5/17,-0.009301531
2021/5/18,-0.011309392
2021/5/19,-0.001282405
2021/5/20,0.020794429
2021/5/21,-0.01487726
2021/5/24,0.013226398
2021/5/25,-0.001574737
2021/5/26,-0.000394332
2021/5/27,-0.012453927
2021/5/28,-0.005362267
2021/6/1,-0.002651979
2021/6/2,0.006256605
2021/6/3,-0.012228566
2021/6/4,0.018843457
2021/6/7,7.95E-05
2021/6/8,0.00664967
2021/6/9,0.003072505
2021/6/10,-0.00805553
2021/6/11,0.009784578
2021/6/14,0.024280702
2021/6/15,-0.006458451
2021/6/16,0.003926109
2021/6/17,0.012522146
2021/6/18,-0.01014319
2021/6/21,0.014005549
2021/6/22,0.012618446
2021/6/23,-0.002091951
2021/6/24,-0.00217157
2021/6/25,-0.002251232
2021/6/28,0.012468133
2021/6/29,0.011434559
2021/6/30,0.004610616
2021/7/1,0.002260801
2021/7/2,0.019406769
2021/7/6,0.014611222
2021/7/7,0.017795977
2021/7/8,-0.009242157
2021/7/9,0.012970358
2021/7/12,-0.00421249
2021/7/13,0.007858247
2021/7/14,0.023814652
2021/7/15,-0.004502206
2021/7/16,-0.014175781
2021/7/19,-0.02728342
2021/7/20,0.025642454
2021/7/21,-0.005145123
2021/7/22,0.009582733
2021/7/23,0.011917908
2021/7/26,0.002890179
2021/7/27,-0.015012489
2021/7/28,-0.012271065
2021/7/29,0.004542157
2021/7/30,0.001509408
2021/8/2,-0.00233346
2021/8/3,0.012564847
2021/8/4,-0.002786107
2021/8/5,0.000748102
2021/8/6,-0.004778318
2021/8/9,-0.000342214
2021/8/10,-0.003359654
2021/8/11,0.001783938
2021/8/12,0.020560666
2021/8/13,0.001409454
2021/8/16,0.013456855
2021/8/17,-0.006173098
2021/8/18,-0.025831722
2021/8/19,0.002320318
2021/8/20,0.010105508
2021/8/23,0.01020495
2021/8/24,-0.000601437
2021/8/25,-0.00845706
2021/8/26,-0.005542486
2021/8/27,0.007159013
2021/8/30,0.029963895
2021/8/31,-0.008460446
2021/9/1,0.004468437
2021/9/2,0.007447165
2021/9/3,0.004221389
2021/9/7,0.015370736
2021/9/8,-0.010134839
2021/9/9,-0.006727508
2021/9/10,-0.033662117
2021/9/13,0.003885857
2021/9/14,-0.009608135
2021/9/15,0.006124921
2021/9/16,-0.00161165
2021/9/17,-0.018518248
2021/9/20,-0.021592562
2021/9/21,0.003421743
2021/9/22,0.016731796
2021/9/23,0.006696917
2021/9/24,0.000612756
2021/9/27,-0.010605813
2021/9/28,-0.024089269
2021/9/29,0.006461937
2021/9/30,-0.009355468
2021/10/1,0.008094346
2021/10/4,-0.024913369
2021/10/5,0.014059153
2021/10/6,0.006287503
2021/10/7,0.009043265
2021/10/8,-0.002725563
2021/10/11,-0.00062989
2021/10/12,-0.00914473
2021/10/13,-0.004248889
2021/10/14,0.020023914
2021/10/15,0.007484423
2021/10/18,0.011736679
2021/10/19,0.014967795
2021/10/20,0.003355345
2021/10/21,0.001473117
2021/10/22,-0.005299029
2021/10/25,-0.000336449
2021/10/26,0.004564429
2021/10/27,-0.003152814
2021/10/28,0.024684658
2021/10/29,-0.018322446
2021/11/1,-0.005623197
2021/11/2,0.0070908
2021/11/3,0.009751072
2021/11/4,-0.003504815
2021/11/5,0.003575886
2021/11/8,-0.005568235
2021/11/9,0.002456766
2021/11/10,-0.019349431
2021/11/11,-0.000338022
2021/11/12,0.014235269
2021/11/15,6.65E-05
2021/11/16,0.006644675
2021/11/17,0.01635535
2021/11/18,0.02813658
2021/11/19,0.016833616
2021/11/22,0.00292308
2021/11/23,0.002419152
2021/11/24,0.003278196
2021/11/26,-0.032191096
2021/11/29,0.021637913
2021/11/30,0.031089442
2021/12/1,-0.003211454
2021/12/2,-0.006148788
2021/12/3,-0.011793713
2021/12/6,0.021274844
2021/12/7,0.034832535
2021/12/8,0.022527397
2021/12/9,-0.002974635
2021/12/10,0.027628273
2021/12/13,-0.020890974
2021/12/14,-0.008055797
2021/12/15,0.028110499
2021/12/16,-0.040055685
2021/12/17,-0.006522777
2021/12/20,-0.008155215
2021/12/21,0.018907175
2021/12/22,0.015202444
2021/12/23,0.00363733
2021/12/27,0.022715004
2021/12/28,-0.005784007
2021/12/29,0.000501719
2021/12/30,-0.006600047
2021/12/31,-0.003541361
2022/1/3,0.024696547
2022/1/4,-0.012772826
2022/1/5,-0.026960034
2022/1/6,-0.016834153
2022/1/7,0.000987918
2022/1/10,0.000116066
2022/1/11,0.016644533
2022/1/12,0.002566972
2022/1/13,-0.019211505
2022/1/14,0.005097652
2022/1/18,-0.019074787
2022/1/19,-0.021249176
2022/1/20,-0.010400994
2022/1/21,-0.012847216
2022/1/24,-0.004876095
2022/1/25,-0.011450002
2022/1/26,-0.000563281
2022/1/27,-0.002947752
2022/1/28,0.067450985
2022/1/31,0.025790158
2022/2/1,-0.00097307
2022/2/2,0.007019454
2022/2/3,-0.016861002
2022/2/4,-0.001680769
2022/2/7,-0.004243571
2022/2/8,0.018298256
2022/2/9,0.008259674
2022/2/10,-0.023881632
2022/2/11,-0.020425852
2022/2/14,0.001422238
2022/2/15,0.022888414
2022/2/16,-0.001389764
2022/2/17,-0.02149865
2022/2/18,-0.009399789
2022/2/22,-0.017972841
2022/2/23,-0.026204616
2022/2/24,0.016542807
2022/2/25,0.012881988
2022/2/28,0.001636429
2022/3/1,-0.011696014
2022/3/2,0.020379281
2022/3/3,-0.001983524
2022/3/4,-0.018579598
2022/3/7,-0.024003334
2022/3/8,-0.011744852
2022/3/9,0.034399013
2022/3/10,-0.02756254
2022/3/11,-0.024199314
2022/3/14,-0.026921511
2022/3/15,0.029245456
2022/3/16,0.028602504
2022/3/17,0.006433306
2022/3/18,0.020703263
2022/3/21,0.00850128
2022/3/22,0.020587261
2022/3/23,0.008199836
2022/3/24,0.022424531
2022/3/25,0.003727315
2022/3/28,0.0050239
2022/3/29,0.018953573
2022/3/30,-0.006671719
2022/3/31,-0.017935653
2022/4/1,-0.001719514
2022/4/4,0.023417077
2022/4/5,-0.019123691
2022/4/6,-0.018623116
2022/4/7,0.001802464
2022/4/8,-0.011980431
2022/4/11,-0.025847078
2022/4/12,0.01145768
2022/4/13,0.016210375
2022/4/14,-0.030447256
2022/4/18,-0.001331576
2022/4/19,0.014016364
2022/4/20,-0.001016177
2022/4/21,-0.004855147
2022/4/22,-0.028215647
2022/4/25,0.006714543
2022/4/26,-0.038042588
2022/4/27,-0.001468054
2022/4/28,0.044165797
2022/4/29,-0.037291663
2022/5/2,0.001964723
2022/5/3,0.009576385
2022/5/4,0.040189884
2022/5/5,-0.057328616
2022/5/6,0.00471622
2022/5/9,-0.033752707
2022/5/10,0.015983903
2022/5/11,-0.053233534
2022/5/12,-0.02726236
2022/5/13,0.031417745
2022/5/16,-0.010729872
2022/5/17,0.025104965
2022/5/18,-0.058073258
2022/5/19,-0.024949966
2022/5/20,0.001745757
2022/5/23,0.039335194
2022/5/24,-0.01940304
2022/5/25,0.001139335
2022/5/26,0.022934632
2022/5/27,0.03994799
2022/5/31,-0.005360575
2022/6/1,-0.000873841
2022/6/2,0.016671827
2022/6/3,-0.039318929
2022/6/6,0.005214251
2022/6/7,0.017432851
2022/6/8,-0.005055932
2022/6/9,-0.036618148
2022/6/10,-0.039394388
2022/6/13,-0.039037123
2022/6/14,0.006650502
2022/6/15,0.019911968
2022/6/16,-0.04045891
2022/6/17,0.011467152
2022/6/21,0.032235484
2022/6/22,-0.003834471
2022/6/23,0.021344218
2022/6/24,0.024221453
2022/6/27,0
2022/6/28,-0.030242495
2022/6/29,0.01294001
2022/6/30,-0.018192306
2022/7/1,0.016035093
2022/7/5,0.01875362
2022/7/6,0.009561164
2022/7/7,0.023716219
2022/7/8,0.004703722
2022/7/11,-0.014868125
2022/7/12,0.006810508
2022/7/13,-0.002539867
2022/7/14,0.020275541
2022/7/15,0.011384918
2022/7/18,-0.020859163
2022/7/19,0.026371304
2022/7/20,0.013419289
2022/7/21,0.014981263
2022/7/22,-0.008143671
2022/7/25,-0.007425794
2022/7/26,-0.008865527
2022/7/27,0.033661767
2022/7/28,0.003565427
2022/7/29,0.032266906
2022/8/1,-0.006172677
2022/8/2,-0.009330663
2022/8/3,0.037534222
2022/8/4,-0.00192788
2022/8/5,-0.001390106
2022/8/8,-0.002907196
2022/8/9,0.000303233
2022/8/10,0.025857408
2022/8/11,-0.004441482
2022/8/12,0.02119927
2022/8/15,0.006313516
2022/8/16,-0.000924281
2022/8/17,0.008746236
2022/8/18,-0.002294225
2022/8/19,-0.01521704
2022/8/22,-0.023298757
2022/8/23,-0.002031058
2022/8/24,0.001792297
2022/8/25,0.014812492
2022/8/26,-0.038428107
2022/8/29,-0.013784934
2022/8/30,-0.015423825
2022/8/31,-0.010691795
2022/9/1,0.004695621
2022/9/2,-0.013704488
2022/9/6,-0.008249082
2022/9/7,0.009211263
2022/9/8,-0.009664128
2022/9/9,0.018664271
2022/9/12,0.037785136
2022/9/13,-0.060471563
2022/9/14,0.009509798
2022/9/15,-0.019111205
2022/9/16,-0.01102069
2022/9/19,0.024773393
2022/9/20,0.015544107
2022/9/21,-0.020475825
2022/9/22,-0.006395588
2022/9/23,-0.015239352
2022/9/26,0.002257631
2022/9/27,0.006544763
2022/9/28,-0.012732142
2022/9/29,-0.050366609
2022/9/30,-0.030499474
2022/10/3,0.030289171
2022/10/4,0.025300141
2022/10/5,0.002051141
2022/10/6,-0.0066477
2022/10/7,-0.037409889
2022/10/10,0.002353091
2022/10/11,-0.010307818
2022/10/12,-0.004615791
2022/10/13,0.033060394
2022/10/14,-0.032771262
2022/10/17,0.028706822
2022/10/18,0.009365255
2022/10/19,0.000765143
2022/10/20,-0.003272588
2022/10/21,0.026699429
2022/10/24,0.014694267
2022/10/25,0.019153025
2022/10/26,-0.019822289
2022/10/27,-0.030938944
2022/10/28,0.072834554
2022/10/31,-0.01553039
2022/11/1,-0.017698722
2022/11/2,-0.038018528
2022/11/3,-0.043330298
2022/11/4,-0.001949154
2022/11/7,0.003894627
2022/11/8,0.004166406
2022/11/9,-0.033753205
2022/11/10,0.08523646
2022/11/11,0.019085372
2022/11/14,-0.009530913
2022/11/15,0.011799484
2022/11/16,-0.008366042
2022/11/17,0.012888006
2022/11/18,0.003774668
2022/11/21,-0.021918775
2022/11/22,0.014554941
2022/11/23,0.005908673
2022/11/25,-0.019788164
2022/11/28,-0.026615052
2022/11/29,-0.021375252
2022/11/30,0.047449919
2022/12/1,0.001890024
2022/12/2,-0.003377046
2022/12/5,-0.008015267
2022/12/6,-0.02569731
2022/12/7,-0.013880908
2022/12/8,0.012059664
2022/12/9,-0.003440632
2022/12/12,0.016257108
2022/12/13,0.006759489
2022/12/14,-0.015657763
2022/12/15,-0.047987681
2022/12/16,-0.014685905
2022/12/19,-0.016037485
2022/12/20,-0.00052887
2022/12/21,0.023530284
2022/12/22,-0.024059667
2022/12/23,-0.002802033
2022/12/27,-0.013975514
2022/12/28,-0.031165917
2022/12/29,0.027930623
2022/12/30,0.002465771
2023/1/3,-0.038122119
2023/1/4,0.01026137
2023/1/5,-0.010661193
2023/1/6,0.036133412
2023/1/9,0.004080605
2023/1/10,0.004446412
2023/1/11,0.020892558
2023/1/12,-0.000599472
2023/1/13,0.010068069
2023/1/17,0.008718317
2023/1/18,-0.005384428
2023/1/19,0.000443596
2023/1/20,0.019038327
2023/1/23,0.023228392
2023/1/24,0.010012885
2023/1/25,-0.004711741
2023/1/26,0.014694694
2023/1/27,0.013591684
2023/1/30,-0.020282501
2023/1/31,0.008980672
2023/2/1,0.007869612
2023/2/2,0.036392135
2023/2/3,0.024107095
2023/2/6,-0.018091448
2023/2/7,0.019061771
2023/2/8,-0.017810412
2023/2/9,-0.006935465
2023/2/10,0.002453169
2023/2/13,0.018632189
2023/2/14,-0.004233953
2023/2/15,0.013807614
2023/2/16,-0.01048431
2023/2/17,-0.007575159
2023/2/21,-0.027042178
2023/2/22,0.002891773
2023/2/23,0.003285074
2023/2/24,-0.018169232
2023/2/27,0.008213569
2023/2/28,-0.003453613
2023/3/1,-0.014348385
2023/3/2,0.004120529
2023/3/3,0.034488668
2023/3/6,0.018369346
2023/3/7,-0.014602463
2023/3/8,0.008342303
2023/3/9,-0.01502679
2023/3/10,-0.013976038
2023/3/13,0.013178746
2023/3/14,0.013990766
2023/3/15,0.002618095
2023/3/16,0.018521444
2023/3/17,-0.005468908
2023/3/20,0.015365242
2023/3/21,0.011873224
2023/3/22,-0.009145107
2023/3/23,0.006945356
2023/3/24,0.008271308
2023/3/27,-0.012369456
2023/3/28,-0.003988286
2023/3/29,0.019597444
2023/3/30,0.009841136
2023/3/31,0.015523308
2023/4/3,0.007672029
2023/4/4,-0.003254955
2023/4/5,-0.011354558
2023/4/6,0.005480985
2023/4/10,-0.016101296
2023/4/11,-0.007620136
2023/4/12,-0.004362723
2023/4/13,0.033535076
2023/4/14,-0.002116315
2023/4/17,0.000120912
2023/4/18,0.007476915
2023/4/19,0.006944019
2023/4/20,-0.005863457
2023/4/21,-0.009829042
2023/4/24,0.00187665
2023/4/25,-0.009480361
2023/4/26,-6.12E-05
2023/4/27,0.027999741
2023/4/28,0.007512637
2023/5/1,-0.000530533
2023/5/2,-0.006210585
2023/5/3,-0.00648834
2023/5/4,-0.009962813
2023/5/5,0.045859095
2023/5/8,-0.000403402
2023/5/9,-0.010021195
2023/5/10,0.010366915
2023/5/11,0.001094066
2023/5/12,-0.005432234
2023/5/15,-0.002901562
2023/5/16,0
2023/5/17,0.003596714
2023/5/18,0.013573564
2023/5/19,0.000628143
2023/5/22,-0.005495791
2023/5/23,-0.015270909
2023/5/24,0.001630748
2023/5/25,0.006670014
2023/5/26,0.014006296
2023/5/30,0.010603112
2023/5/31,-0.000282072
2023/6/1,0.015895563
2023/6/2,0.004763905
2023/6/5,-0.007599895
2023/6/6,-0.00206246
2023/6/7,-0.007786323
2023/6/8,0.015346567
2023/6/9,0.002157445
2023/6/12,0.015517804
2023/6/13,-0.002615099
2023/6/14,0.003485254
2023/6/15,0.011136396
2023/6/16,-0.005876994
2023/6/20,0.000486554
2023/6/21,-0.005691523
2023/6/22,0.016390204
2023/6/23,-0.001712645
2023/6/26,-0.007581672
2023/6/27,0.01494682
2023/6/28,0.006307818
2023/6/29,0.001794961
2023/6/30,0.022839568
2023/7/3,-0.007815106
2023/7/5,-0.00588863
2023/7/6,0.002505699
2023/7/7,-0.005908805
2023/7/10,-0.010915251
2023/7/11,-0.002813934
2023/7/12,0.008945459
2023/7/13,0.004049325
2023/7/14,0.000786994
2023/7/17,0.01715741
2023/7/18,-0.001341194
2023/7/19,0.007046751
2023/7/20,-0.010148599
2023/7/21,-0.006180781
2023/7/24,0.004211294
2023/7/25,0.00450334
2023/7/26,0.004534791
2023/7/27,-0.00660269
2023/7/28,0.013417448
2023/7/31,0.003161014
2023/8/1,-0.004285056
2023/8/2,-0.015611172
2023/8/3,-0.0073487
2023/8/4,-0.049211227
2023/8/7,-0.017404334
2023/8/8,0.005297682
2023/8/9,-0.008994706
2023/8/10,-0.001235558
2023/8/11,0.000337608
2023/8/14,0.00934927
2023/8/15,-0.0112634
2023/8/16,-0.004971474
2023/8/17,-0.014662182
2023/8/18,0.002812209
2023/8/21,0.007707042
2023/8/22,0.00787381
2023/8/23,0.021711543
2023/8/24,-0.026519021
2023/8/25,0.012563791
2023/8/28,0.008807216
2023/8/29,0.021575849
2023/8/30,0.018990864
2023/8/31,0.001171666
2023/9/1,0.008427707
2023/9/5,0.001265992
2023/9/6,-0.036449648
2023/9/7,-0.029685855
2023/9/8,0.003485742
2023/9/11,0.006600875
2023/9/12,-0.017207938
2023/9/13,-0.011925628
2023/9/14,0.008744197
2023/9/15,-0.004162539
2023/9/18,0.016771798
2023/9/19,0.006161915
2023/9/20,-0.020194779
2023/9/21,-0.008929259
2023/9/22,0.004932332
2023/9/25,0.007353443
2023/9/26,-0.023676569
2023/9/27,-0.008937361
2023/9/28,0.001524425
2023/9/29,0.003041807
2023/10/2,0.014726613
2023/10/3,-0.007800199
2023/10/4,0.007282098
2023/10/5,0.007172109
2023/10/6,0.014642881
2023/10/9,0.008415623
2023/10/10,-0.00335791
2023/10/11,0.007873101
2023/10/12,0.005048402
2023/10/13,-0.010346038
2023/10/16,-0.000727276
2023/10/17,-0.008823444
2023/10/18,-0.007422333
2023/10/19,-0.002163403
2023/10/20,-0.014813378
2023/10/23,0.000693857
2023/10/24,0.002540209
2023/10/25,-0.013583581
2023/10/26,-0.024913368
2023/10/27,0.007937814
2023/10/30,0.012230141
2023/10/31,0.002814834
2023/11/1,0.01856529
2023/11/2,0.020482071
2023/11/3,-0.005194682
2023/11/6,0.014499518
2023/11/7,0.014347535
2023/11/8,0.005867564
2023/11/9,-0.002628052
2023/11/10,0.02295456
2023/11/13,-0.008620726
2023/11/14,0.014184636
2023/11/15,0.003036415
2023/11/16,0.009001435
2023/11/17,-0.000105449
2023/11/20,0.009235491
2023/11/21,-0.004239806
2023/11/22,0.003508306
2023/11/24,-0.007028963
2023/11/27,-0.000947976
2023/11/28,0.003208857
2023/11/29,-0.005424276
2023/11/30,0.003058091
2023/12/1,0.006768316
2023/12/4,-0.009509641
2023/12/5,0.020844417
2023/12/6,-0.005703253
2023/12/7,0.010088206
2023/12/8,0.007385021
2023/12/11,-0.013011632
2023/12/12,0.007889031
2023/12/13,0.016553653
2023/12/14,0.000757346
2023/12/15,-0.002729429
2023/12/18,-0.008539654
2023/12/19,0.005345863
2023/12/20,-0.010771713
2023/12/21,-0.000770337
2023/12/22,-0.005562907
2023/12/26,-0.002844909
2023/12/27,0.000517801
2023/12/28,0.002223858
2023/12/29,-0.005438984
2024/1/2,-0.036442667
2024/1/3,-0.007515811
2024/1/4,-0.012781345
2024/1/5,-0.00402118
2024/1/8,0.023887306
2024/1/9,-0.002265979
2024/1/10,0.00565539
2024/1/11,-0.003227722
2024/1/12,0.001776524
2024/1/16,-0.012393602
2024/1/17,-0.005186972
2024/1/18,0.032051593
2024/1/19,0.015413604
2024/1/22,0.012089862
2024/1/23,0.006631234
2024/1/24,-0.003490046
2024/1/25,-0.00169801
2024/1/26,-0.009053704
2024/1/29,-0.003592279
2024/1/30,-0.019433535
2024/1/31,-0.019547294
2024/2/1,0.013252436
2024/2/2,-0.005419847
2024/2/5,0.009798447
2024/2/6,0.008594676
2024/2/7,0.000580943
2024/2/8,-0.005771318
2024/2/9,0.004085636
2024/2/12,-0.009042643
2024/2/13,-0.011338417
2024/2/14,-0.004821401
2024/2/15,-0.001575982
2024/2/16,-0.008466154
2024/2/20,-0.004122301
2024/2/21,0.004177259
2024/2/22,0.011181081
2024/2/23,-0.010084652
2024/2/26,-0.007479193
2024/2/27,0.008081613
2024/2/28,-0.006647497
2024/2/29,-0.003699929
2024/3/1,-0.006048685
2024/3/4,-0.025708908
2024/3/5,-0.028853224
2024/3/6,-0.005895497
2024/3/7,-0.000709845
2024/3/8,0.010184664
2024/3/11,0.011762141
2024/3/12,0.002774609
2024/3/13,-0.012196576
2024/3/14,0.010868108
2024/3/15,-0.002199019
2024/3/18,0.006352186
2024/3/19,0.013493726
2024/3/20,0.014601975
2024/3/21,-0.041715621
2024/3/22,0.005296088
2024/3/25,-0.008334963
2024/3/26,-0.006694918
2024/3/27,0.020990745
2024/3/28,-0.010615261
2024/4/1,-0.008491681
2024/4/2,-0.007023447
2024/4/3,0.004786064
2024/4/4,-0.004904397
2024/4/5,0.004491698
2024/4/8,-0.006685834
2024/4/9,0.007216376
2024/4/10,-0.011201845
2024/4/11,0.042360965
2024/4/12,0.008589685
2024/4/15,-0.02210611
2024/4/16,-0.01935329
2024/4/17,-0.008180754
2024/4/18,-0.005730793
2024/4/19,-0.01228774
2024/4/22,0.005077892
2024/4/23,0.006371376
2024/4/24,0.012622338
2024/4/25,0.005134094
2024/4/26,-0.00347886
2024/4/29,0.02450526
2024/4/30,-0.018439881
2024/5/1,-0.006065379
2024/5/2,0.021792706
2024/5/3,0.058095454
2024/5/6,-0.00914845
2024/5/7,0.003790036
2024/5/8,0.001862356
2024/5/9,0.009964421
2024/5/10,-0.00691408
2024/5/13,0.017491616
2024/5/14,0.006154503
2024/5/15,0.012143864
2024/5/16,0.000632293
2024/5/17,0.000158031
2024/5/20,0.006143165
2024/5/21,0.006833886
2024/5/22,-0.007566951
2024/5/23,-0.021283021
2024/5/24,0.016452046
2024/5/28,5.27E-05
2024/5/29,0.001577699
2024/5/30,0.005241359
2024/5/31,0.005006022
2024/6/3,0.009216162
2024/6/4,0.001647928
2024/6/5,0.007790474
2024/6/6,-0.007121866
2024/6/7,0.012315933
2024/6/10,-0.019333513
2024/6/11,0.070131412
2024/6/12,0.028177686
2024/6/13,0.005476098
2024/6/14,-0.008201924
2024/6/17,0.019480476
2024/6/18,-0.011045267
2024/6/20,-0.021747632
2024/6/21,-0.010499347
2024/6/24,0.0031277
2024/6/25,0.004458266
2024/6/26,0.019796007
2024/6/27,0.003978067
2024/6/28,-0.016387734
2024/7/1,0.028689111
2024/7/2,0.01610945
2024/7/3,0.005794224
2024/7/5,0.021389962
2024/7/8,0.006517608
2024/7/9,0.00376775
2024/7/10,0.018628968
2024/7/11,-0.023494674
2024/7/12,0.012966441
2024/7/15,0.016604708
2024/7/16,0.001790251
2024/7/17,-0.025621429
2024/7/18,-0.02074861
2024/7/19,0.000579735
2024/7/22,-0.001561486
2024/7/23,0.004677297
2024/7/24,-0.029175804
2024/7/25,-0.004816105
2024/7/26,0.002158666
2024/7/29,0.001283824
2024/7/30,0.002562715
2024/7/31,0.014879568
2024/8/1,-0.016892596
2024/8/2,0.006845879
2024/8/5,-0.049365635
2024/8/6,-0.00979608
2024/8/7,0.012420806
2024/8/8,0.016496471
2024/8/9,0.013642432
2024/8/12,0.007104631
2024/8/13,0.017046928
2024/8/14,0.002031635
2024/8/15,0.013439858
2024/8/16,0.005901039
2024/8/19,-0.000708075
2024/8/20,0.002740917
2024/8/21,-0.00048575
2024/8/22,-0.008293996
2024/8/23,0.010235584
2024/8/26,0.001497716
2024/8/27,0.003734571
2024/8/28,-0.006776376
2024/8/29,0.014465001
2024/8/30,-0.003443816
2024/9/3,-0.027582135
2024/9/4,-0.008656103
2024/9/5,0.006903887
2024/9/6,-0.007039729
2024/9/9,0.000407472
2024/9/10,-0.003627971
2024/9/11,0.011518537
2024/9/12,0.000493908
2024/9/13,-0.001212767
2024/9/16,-0.028168275
2024/9/17,0.002170285
2024/9/18,0.017829901
