Date,Close/Last,Volume,Open,High,Low
12/12/2024,$300.30,1668441,$303.63,$304.45,$300.26
12/11/2024,$302.34,2071545,$303.37,$304.1299,$299.54
12/10/2024,$302.11,2968061,$297.43,$304.98,$296.51
12/09/2024,$296.72,2377947,$304.07,$305.07,$296.16
12/06/2024,$303.99,1797667,$301.64,$304.74,$300.62
12/05/2024,$300.53,2793669,$302.28,$303.425,$300.32
12/04/2024,$302.60,1561228,$302.00,$303.53,$300.71
12/03/2024,$302.11,2128671,$303.84,$304.99,$301.14
12/02/2024,$302.26,2167054,$306.21,$306.85,$299.91
11/29/2024,$304.68,1326646,$307.25,$307.79,$304.67
11/27/2024,$304.25,1697344,$307.00,$307.82,$302.7901
11/26/2024,$305.57,2130705,$305.61,$306.97,$302.00
11/25/2024,$305.21,3478440,$303.05,$305.80,$302.5001
11/22/2024,$301.30,3788898,$293.40,$301.92,$292.51
11/21/2024,$293.00,2410469,$289.82,$294.07,$287.53
11/20/2024,$287.71,2387656,$286.15,$288.33,$285.09
11/19/2024,$285.55,2512936,$281.89,$286.6199,$281.31
11/18/2024,$285.54,2074634,$286.94,$287.52,$283.61
11/15/2024,$286.87,2614568,$288.00,$290.55,$285.49
11/14/2024,$288.30,2979782,$288.34,$290.555,$287.355
11/13/2024,$287.64,2118132,$287.92,$290.61,$287.435
11/12/2024,$288.51,2251660,$292.00,$293.55,$287.58
11/11/2024,$292.97,2299530,$290.49,$294.18,$290.43
11/08/2024,$287.60,1814377,$286.68,$290.1002,$285.945
11/07/2024,$286.82,3877331,$292.32,$293.035,$284.6474
11/06/2024,$295.16,5380812,$288.00,$296.83,$286.81
11/05/2024,$275.94,1859581,$271.72,$276.18,$271.1935
11/04/2024,$270.19,1944015,$272.33,$272.82,$269.71
11/01/2024,$272.69,2508471,$272.30,$274.7453,$270.95
10/31/2024,$270.08,2315384,$273.70,$274.08,$268.64
10/30/2024,$274.08,2152864,$271.00,$275.07,$270.27
10/29/2024,$270.43,1748966,$270.30,$271.80,$269.5801
10/28/2024,$271.47,2336884,$269.24,$271.97,$267.675
10/25/2024,$267.35,2993298,$271.65,$273.17,$266.345
10/24/2024,$269.98,3490640,$270.23,$271.23,$268.71
10/23/2024,$271.23,2051063,$272.00,$273.35,$268.96
10/22/2024,$272.40,2595361,$270.62,$272.83,$268.58
10/21/2024,$270.74,4092739,$275.00,$276.3643,$269.53
10/18/2024,$276.79,7884358,$276.80,$279.20,$269.05
10/17/2024,$285.78,3571930,$284.00,$286.36,$282.4818
10/16/2024,$281.68,2243627,$278.88,$281.87,$277.69
10/15/2024,$277.31,2264560,$280.57,$281.42,$276.90
10/14/2024,$276.52,1398955,$276.16,$277.70,$275.1101
10/11/2024,$276.16,1723286,$271.38,$277.11,$271.00
10/10/2024,$270.47,2052769,$270.93,$272.90,$269.88
10/09/2024,$271.42,2086991,$268.81,$271.59,$268.415
10/08/2024,$269.11,3332787,$271.25,$272.50,$266.16
10/07/2024,$273.79,3287461,$274.35,$276.31,$271.55
10/04/2024,$275.97,2240183,$272.25,$276.79,$270.00
10/03/2024,$268.59,1614588,$269.64,$271.10,$267.638
10/02/2024,$270.92,2009621,$268.60,$271.39,$266.25
10/01/2024,$268.60,2429482,$271.28,$271.83,$266.5167
09/30/2024,$271.20,2113106,$270.10,$271.48,$267.29
09/27/2024,$271.06,2231903,$268.00,$272.68,$267.42
09/26/2024,$268.15,1430575,$268.29,$268.99,$266.34
09/25/2024,$266.17,2116345,$267.09,$268.72,$265.55
09/24/2024,$266.21,2340349,$267.77,$268.50,$263.03
09/23/2024,$267.30,2534914,$271.36,$272.41,$267.0517
09/20/2024,$268.99,5847242,$268.40,$271.49,$266.95
09/19/2024,$268.75,2973435,$267.83,$270.10,$266.35
09/18/2024,$262.18,2577368,$264.40,$266.35,$261.00
09/17/2024,$265.40,2765723,$261.52,$267.2184,$261.345
09/16/2024,$261.09,2170169,$261.31,$262.85,$259.15
09/13/2024,$259.00,2199187,$256.23,$260.21,$255.75
09/12/2024,$255.15,2279719,$254.16,$257.00,$252.59
09/11/2024,$254.18,3149868,$244.40,$254.625,$243.5018
09/10/2024,$245.42,3630857,$251.72,$252.50,$240.59
09/09/2024,$250.92,3080770,$248.25,$253.15,$247.53
09/06/2024,$244.06,3652963,$251.29,$253.565,$243.32
09/05/2024,$251.84,2711284,$252.71,$253.17,$248.37
09/04/2024,$251.74,3062610,$254.99,$256.58,$250.66
09/03/2024,$254.31,2970272,$255.77,$257.48,$252.79
08/30/2024,$258.65,3442125,$260.49,$261.75,$256.10
08/29/2024,$259.84,2423526,$258.00,$261.565,$256.825
08/28/2024,$257.09,2557059,$254.21,$258.63,$253.75
08/27/2024,$255.03,2518173,$253.70,$256.68,$253.70
08/26/2024,$253.88,1931103,$252.42,$256.16,$251.95
08/23/2024,$251.30,1868199,$248.00,$252.17,$248.00
08/22/2024,$247.76,1981273,$246.77,$248.92,$245.755
08/21/2024,$246.30,3502452,$249.64,$249.82,$243.35
08/20/2024,$253.08,1659736,$254.22,$254.62,$252.26
08/19/2024,$254.05,1653379,$252.00,$254.11,$251.84
08/16/2024,$251.71,2149718,$249.39,$251.75,$249.13
08/15/2024,$249.50,2656834,$247.77,$250.36,$245.35
08/14/2024,$243.76,2132461,$239.81,$244.09,$239.51
08/13/2024,$238.99,1913334,$238.71,$239.27,$236.4701
08/12/2024,$237.05,1746952,$238.20,$238.99,$235.395
08/09/2024,$237.85,1956562,$233.52,$238.34,$233.09
08/08/2024,$233.54,2239218,$231.05,$234.50,$231.01
08/07/2024,$228.80,2665313,$234.02,$236.17,$228.5102
08/06/2024,$231.12,3148178,$226.96,$233.18,$226.50
08/05/2024,$225.92,4890744,$226.64,$230.775,$222.03
08/02/2024,$232.28,6902632,$244.51,$244.65,$230.05
08/01/2024,$248.68,3929730,$253.85,$255.00,$246.4101
07/31/2024,$253.04,2180687,$253.11,$256.24,$252.43
07/30/2024,$252.48,2498841,$249.46,$253.68,$249.23
07/29/2024,$247.89,2059335,$246.63,$247.96,$244.3101
07/26/2024,$245.89,2174459,$241.93,$246.39,$241.88
07/25/2024,$240.18,3828806,$240.00,$244.96,$239.39
07/24/2024,$240.99,2838067,$245.00,$245.62,$240.67
07/23/2024,$246.90,2564233,$246.96,$248.99,$245.04
07/22/2024,$244.75,2589997,$243.01,$245.61,$239.90
07/19/2024,$242.38,5750391,$241.80,$243.38,$237.65
07/18/2024,$249.20,4053298,$250.80,$253.73,$247.755
07/17/2024,$249.96,2471910,$248.81,$250.84,$247.38
07/16/2024,$249.63,3074640,$244.14,$249.76,$243.80
07/15/2024,$244.00,3054379,$240.45,$244.66,$240.45
07/12/2024,$238.63,2612283,$238.97,$240.2599,$237.23
07/11/2024,$238.75,1868831,$238.87,$239.95,$236.96
07/10/2024,$238.93,2202968,$236.57,$239.45,$235.6221
07/09/2024,$237.75,1943710,$234.97,$239.20,$234.12
07/08/2024,$234.51,2638572,$236.23,$239.50,$233.76
07/05/2024,$235.63,2488328,$235.71,$236.70,$233.56
07/03/2024,$235.71,1365850,$236.50,$237.58,$235.19
07/02/2024,$235.97,1871656,$233.55,$236.19,$232.97
07/01/2024,$233.81,2792825,$232.33,$234.80,$231.55
06/28/2024,$231.55,3901233,$229.25,$233.60,$228.74
06/27/2024,$228.40,2264343,$229.79,$230.33,$227.37
06/26/2024,$230.68,3151882,$230.04,$232.49,$229.14
06/25/2024,$230.59,3479902,$230.86,$231.30,$228.535
06/24/2024,$231.47,2152725,$231.68,$233.90,$230.2069
06/21/2024,$230.38,5064401,$231.11,$231.11,$227.50
06/20/2024,$230.21,2968253,$228.56,$231.68,$226.44
06/18/2024,$229.31,2176467,$227.58,$229.31,$226.7701
06/17/2024,$228.27,2426689,$224.20,$228.465,$224.02
06/14/2024,$224.82,2373907,$221.38,$225.64,$221.34
06/13/2024,$222.19,3011267,$223.41,$223.75,$220.742
06/12/2024,$224.04,3091113,$227.43,$228.40,$222.83
06/11/2024,$224.53,3168074,$231.64,$231.64,$224.21
06/10/2024,$232.44,2933675,$231.95,$233.9225,$230.60
06/07/2024,$232.67,2212477,$232.41,$234.1205,$231.71
06/06/2024,$233.35,2709843,$234.79,$236.40,$232.70
06/05/2024,$234.69,2925098,$236.25,$237.70,$233.70
06/04/2024,$237.25,2512117,$236.39,$240.00,$235.73
06/03/2024,$236.88,2677196,$240.18,$241.36,$233.5309
05/31/2024,$240.00,5102491,$238.00,$240.19,$235.91
05/30/2024,$237.22,2386412,$236.37,$237.32,$234.975
05/29/2024,$235.94,2711330,$235.45,$237.66,$234.665
05/28/2024,$237.25,2315401,$237.75,$238.47,$235.88
05/24/2024,$238.18,1624528,$236.86,$240.07,$236.69
05/23/2024,$235.46,3272593,$240.83,$240.83,$235.12
05/22/2024,$240.09,2292745,$242.91,$243.465,$239.525
05/21/2024,$243.08,1825937,$242.34,$243.575,$241.34
05/20/2024,$242.30,1983370,$243.11,$244.4138,$242.10
05/17/2024,$242.82,1848915,$242.80,$243.19,$241.90
05/16/2024,$241.32,2606056,$241.72,$243.348,$240.85
05/15/2024,$241.70,2013389,$241.63,$242.87,$240.25
05/14/2024,$241.53,2387310,$238.15,$242.09,$238.10
05/13/2024,$238.65,2768890,$242.95,$243.54,$238.10
05/10/2024,$242.30,2590895,$240.50,$243.54,$240.31
05/09/2024,$239.14,3166350,$235.96,$239.38,$235.56
05/08/2024,$236.24,2501911,$234.40,$236.85,$233.52
05/07/2024,$234.66,2084529,$235.50,$236.00,$233.41
05/06/2024,$234.33,2259573,$232.30,$234.57,$231.32
05/03/2024,$230.77,3203304,$233.26,$233.35,$229.13
05/02/2024,$232.50,2734874,$233.58,$233.95,$230.911
05/01/2024,$231.46,4176158,$233.22,$235.14,$231.23
04/30/2024,$234.03,3564276,$237.88,$239.61,$233.77
04/29/2024,$238.92,3696787,$236.59,$239.12,$235.64
04/26/2024,$235.64,2993335,$236.00,$236.92,$234.4248
04/25/2024,$237.10,3328959,$238.13,$238.45,$235.405
04/24/2024,$239.12,4429243,$238.27,$240.55,$237.97
04/23/2024,$238.96,4684450,$234.77,$239.42,$233.67
04/22/2024,$233.00,5151299,$232.03,$235.3699,$227.69
04/19/2024,$231.04,7573684,$218.84,$231.60,$218.84
04/18/2024,$217.50,3901454,$218.26,$221.445,$217.175
04/17/2024,$217.67,2256782,$219.56,$220.28,$216.52
04/16/2024,$218.34,4176672,$217.70,$219.38,$216.51
04/15/2024,$218.40,3459235,$221.89,$222.73,$216.82
04/12/2024,$218.20,2441341,$217.00,$218.275,$216.115
04/11/2024,$218.20,3139034,$217.50,$219.1701,$214.5148
04/10/2024,$217.65,3115019,$217.51,$219.50,$215.52
04/09/2024,$219.84,3503402,$222.99,$223.93,$217.97
04/08/2024,$224.11,1401323,$223.46,$224.85,$223.125
04/05/2024,$222.46,1827905,$220.00,$223.12,$219.52
04/04/2024,$219.59,3035326,$229.14,$229.68,$219.21
04/03/2024,$226.63,2070155,$225.81,$227.255,$225.25
04/02/2024,$225.53,1984722,$226.37,$226.97,$224.5905
04/01/2024,$227.61,1616807,$227.44,$228.57,$226.83
03/28/2024,$227.69,2295844,$228.46,$228.46,$226.34
03/27/2024,$227.75,2153112,$227.20,$228.00,$225.14
03/26/2024,$224.46,2106373,$226.62,$226.87,$224.32
03/25/2024,$226.03,2119586,$225.34,$226.99,$225.23
03/22/2024,$225.96,2284653,$229.05,$230.54,$225.91
03/21/2024,$229.12,3523879,$229.11,$231.69,$228.99
03/20/2024,$227.91,2249652,$221.49,$228.06,$221.225
03/19/2024,$221.69,1817740,$221.05,$221.95,$219.37
03/18/2024,$220.97,1893106,$219.90,$221.73,$218.99
03/15/2024,$218.46,5267916,$220.98,$221.595,$217.217
03/14/2024,$220.47,2418002,$224.28,$224.29,$219.10
03/13/2024,$222.81,2693104,$223.14,$223.49,$221.87
03/12/2024,$222.65,2067715,$221.24,$223.4425,$219.64
03/11/2024,$220.19,2808177,$221.92,$222.36,$218.2938
03/08/2024,$223.37,2242892,$223.04,$224.895,$222.8369
03/07/2024,$223.42,2974124,$221.01,$224.69,$220.81
03/06/2024,$218.45,2727955,$217.62,$219.29,$217.27
03/05/2024,$217.20,2672289,$217.44,$218.90,$216.1218
03/04/2024,$218.91,2625426,$219.07,$219.58,$217.24
03/01/2024,$219.66,2342883,$219.31,$220.38,$218.43
02/29/2024,$219.42,5186513,$218.99,$219.74,$217.65
02/28/2024,$218.03,2459415,$217.18,$219.20,$216.76
02/27/2024,$217.98,2428235,$217.43,$218.08,$216.295
02/26/2024,$216.96,2684535,$213.42,$217.54,$213.25
02/23/2024,$214.56,2617090,$215.00,$216.315,$214.255
02/22/2024,$213.99,3027833,$212.48,$215.545,$212.48
02/21/2024,$210.89,2600172,$211.60,$212.69,$209.10
02/20/2024,$212.49,3341695,$211.00,$213.75,$210.28
02/16/2024,$212.56,2831527,$212.53,$214.29,$211.87
02/15/2024,$212.53,2644546,$211.47,$213.12,$210.65
02/14/2024,$210.90,2770792,$211.148,$211.291,$208.8243
02/13/2024,$209.67,3381728,$210.22,$210.97,$207.61
02/12/2024,$212.26,4041427,$212.25,$214.01,$211.61
02/09/2024,$212.47,4785303,$211.55,$214.25,$210.41
02/08/2024,$211.21,4136649,$208.25,$211.34,$207.95
02/07/2024,$209.08,3272239,$207.08,$209.15,$205.60
02/06/2024,$205.65,3255282,$205.44,$207.08,$204.00
02/05/2024,$205.94,3099394,$205.49,$206.72,$203.42
02/02/2024,$206.41,3393186,$203.39,$206.97,$203.00
02/01/2024,$203.22,3025286,$200.36,$203.47,$199.88
01/31/2024,$200.74,3495246,$202.40,$205.32,$200.66
01/30/2024,$204.15,4284584,$200.50,$204.44,$200.41
01/29/2024,$200.86,4935511,$201.91,$202.90,$199.07
01/26/2024,$201.43,13555400,$192.54,$204.77,$192.26
01/25/2024,$188.07,3472509,$186.44,$188.33,$186.43
01/24/2024,$185.82,3052485,$187.09,$188.42,$185.725
01/23/2024,$185.47,2327575,$185.68,$186.02,$184.81
01/22/2024,$185.01,3145306,$184.26,$186.77,$184.06
01/19/2024,$183.17,3388875,$181.00,$183.38,$179.41
01/18/2024,$179.79,3215221,$180.10,$180.19,$177.81
01/17/2024,$181.00,2377792,$179.45,$181.60,$179.00
01/16/2024,$180.97,4142929,$181.01,$181.15,$178.82
01/12/2024,$182.04,3366290,$185.83,$186.409,$181.95
01/11/2024,$185.03,3493334,$185.01,$185.36,$182.04
01/10/2024,$184.97,2757848,$185.03,$186.10,$183.6727
01/09/2024,$186.77,2055536,$187.83,$187.99,$186.3403
01/08/2024,$189.21,3442161,$188.22,$189.33,$186.38
01/05/2024,$189.06,2243271,$186.82,$189.51,$186.5207
01/04/2024,$187.14,2777537,$186.01,$188.57,$185.76
01/03/2024,$186.32,2720517,$186.68,$187.49,$185.5913
01/02/2024,$188.31,2236696,$186.49,$188.735,$186.07
12/29/2023,$187.34,1914960,$187.75,$188.30,$186.53
12/28/2023,$187.80,1486110,$187.12,$188.07,$187.00
12/27/2023,$187.06,1825378,$186.14,$187.13,$185.62
12/26/2023,$185.96,1230025,$185.96,$186.18,$185.13
12/22/2023,$185.57,2782604,$185.64,$186.3699,$184.63
12/21/2023,$184.79,3496869,$181.83,$185.21,$181.83
12/20/2023,$180.65,4020694,$185.35,$185.65,$180.54
12/19/2023,$185.75,3978288,$183.21,$185.77,$183.19
12/18/2023,$182.76,2814390,$181.38,$182.84,$181.03
12/15/2023,$180.51,7139394,$177.54,$181.18,$177.4981
12/14/2023,$178.86,4548159,$175.74,$179.90,$175.60
12/13/2023,$174.56,3207685,$171.21,$174.66,$170.145
12/12/2023,$171.04,2946386,$168.39,$171.08,$167.77
12/11/2023,$168.39,2811552,$168.40,$169.5144,$167.86
12/08/2023,$168.43,2681333,$168.34,$169.1331,$167.57
12/07/2023,$168.62,2797101,$168.46,$169.22,$167.74
12/06/2023,$167.51,3890679,$171.73,$172.38,$167.175
12/05/2023,$170.68,6452483,$172.10,$172.71,$165.93
12/04/2023,$173.25,3630974,$172.86,$175.31,$172.66
12/01/2023,$173.76,3412216,$170.67,$174.335,$170.31
11/30/2023,$170.77,4253144,$168.00,$171.165,$167.53
11/29/2023,$167.43,2720166,$166.40,$168.72,$166.40
11/28/2023,$165.66,2117827,$163.92,$165.98,$163.61
11/27/2023,$164.04,2146495,$163.76,$164.515,$163.32
11/24/2023,$164.42,950727,$164.56,$165.22,$163.97
11/22/2023,$163.79,2528342,$163.28,$164.675,$162.85
11/21/2023,$162.29,2759757,$163.65,$164.12,$161.725
11/20/2023,$163.85,3243290,$162.91,$164.65,$162.76
11/17/2023,$162.56,2976093,$159.91,$162.58,$159.91
11/16/2023,$159.05,3749347,$159.65,$160.105,$157.97
11/15/2023,$159.43,3272576,$157.53,$159.44,$157.00
11/14/2023,$156.91,2968810,$156.60,$157.915,$156.03
11/13/2023,$154.34,1753790,$154.08,$155.26,$153.50
11/10/2023,$154.38,2088296,$153.04,$154.48,$152.1001
11/09/2023,$152.37,2053114,$153.68,$154.16,$152.05
11/08/2023,$153.01,1804516,$152.97,$153.80,$152.43
11/07/2023,$152.98,1583345,$152.97,$153.79,$152.35
11/06/2023,$152.99,2490095,$152.60,$153.07,$151.511
11/03/2023,$152.76,2667678,$152.58,$153.88,$152.40
11/02/2023,$150.85,3108435,$148.33,$150.91,$148.33
11/01/2023,$146.45,2332560,$146.49,$146.815,$145.1423
10/31/2023,$146.03,3737159,$143.33,$146.68,$143.065
10/30/2023,$143.27,3303288,$142.72,$143.8601,$141.73
10/27/2023,$141.31,3442469,$143.85,$143.96,$141.025
10/26/2023,$143.34,3377961,$143.37,$144.91,$142.99
10/25/2023,$143.52,2841446,$144.09,$144.8399,$143.2301
10/24/2023,$144.42,3521130,$145.85,$146.515,$143.545
10/23/2023,$144.59,5313471,$141.50,$145.8525,$140.91
10/20/2023,$141.57,8268104,$144.70,$147.94,$141.44
10/19/2023,$149.62,4642175,$150.41,$156.05,$149.01
10/18/2023,$151.53,2632184,$153.12,$153.59,$151.13
10/17/2023,$154.39,3919446,$151.56,$154.73,$151.50
10/16/2023,$152.79,2586319,$152.37,$153.41,$151.205
10/13/2023,$151.10,2951839,$152.92,$154.14,$150.4303
10/12/2023,$151.28,2377315,$152.50,$152.72,$150.11
10/11/2023,$151.51,1727049,$151.425,$152.81,$149.76
10/10/2023,$150.93,2909235,$149.50,$151.73,$149.00
10/09/2023,$148.82,2279497,$147.60,$149.45,$147.42
10/06/2023,$149.32,3204743,$146.71,$150.35,$146.14
10/05/2023,$147.09,2706169,$145.58,$147.54,$144.77
10/04/2023,$146.63,3476795,$145.90,$146.92,$144.40
10/03/2023,$145.05,4184132,$148.50,$149.18,$144.31
10/02/2023,$149.48,2657671,$148.42,$149.90,$148.072
09/29/2023,$149.19,3579475,$151.45,$151.69,$148.67
09/28/2023,$150.23,3489905,$149.77,$150.88,$149.02
09/27/2023,$149.90,3705567,$151.50,$151.50,$148.97
09/26/2023,$151.12,2332196,$151.75,$152.96,$150.16
09/25/2023,$153.23,2434379,$152.21,$153.31,$151.7504
09/22/2023,$153.08,2380681,$155.00,$155.04,$152.92
09/21/2023,$154.71,2712330,$155.83,$156.865,$154.44
09/20/2023,$157.23,1969736,$160.00,$160.20,$156.88
09/19/2023,$159.35,2230747,$159.05,$159.865,$158.45
09/18/2023,$159.63,2413606,$163.79,$163.95,$159.35
09/15/2023,$163.75,7273639,$162.03,$164.33,$161.815
09/14/2023,$161.78,3209986,$160.57,$161.96,$160.00
09/13/2023,$159.14,2976903,$159.34,$160.70,$158.62
09/12/2023,$158.50,2659239,$157.65,$159.72,$157.45
09/11/2023,$157.83,2611054,$158.37,$159.16,$157.397
09/08/2023,$157.43,1931613,$157.02,$157.79,$156.71
09/07/2023,$156.78,2617385,$157.26,$157.63,$156.07
09/06/2023,$158.00,2949366,$159.07,$159.84,$156.86
09/05/2023,$160.00,4150965,$160.11,$161.86,$159.35
09/01/2023,$159.62,2195658,$159.07,$160.16,$158.71
08/31/2023,$157.99,3653888,$160.66,$160.9355,$157.735
08/30/2023,$160.17,3039990,$160.27,$161.86,$160.12
08/29/2023,$160.24,2175785,$158.89,$160.79,$158.30
08/28/2023,$159.19,2509920,$158.98,$160.91,$158.76
08/25/2023,$158.32,2969215,$158.44,$159.64,$157.3294
08/24/2023,$157.79,2468593,$159.01,$161.42,$157.74
08/23/2023,$159.44,2042493,$159.33,$160.08,$158.70
08/22/2023,$159.08,2256108,$160.76,$161.26,$158.61
08/21/2023,$160.88,2070605,$160.88,$161.6465,$160.08
08/18/2023,$160.23,2139654,$159.23,$160.80,$158.94
08/17/2023,$160.58,2473106,$161.91,$162.606,$160.38
08/16/2023,$160.76,1994856,$161.27,$162.96,$160.64
08/15/2023,$161.91,2447597,$164.39,$164.8105,$161.70
08/14/2023,$166.08,1827413,$164.33,$166.4837,$163.77
08/11/2023,$165.27,2102666,$162.67,$165.78,$162.60
08/10/2023,$163.54,2556028,$164.71,$166.50,$162.72
08/09/2023,$163.82,2445231,$165.94,$166.29,$163.50
08/08/2023,$165.87,2102997,$164.90,$165.99,$163.585
08/07/2023,$166.96,2027204,$166.85,$167.33,$166.14
08/04/2023,$165.41,2256250,$166.53,$168.10,$165.06
08/03/2023,$166.41,1710129,$165.84,$166.66,$165.03
08/02/2023,$166.75,2236917,$167.28,$167.75,$166.045
08/01/2023,$169.65,2341377,$167.95,$169.805,$167.26
07/31/2023,$168.88,3346504,$166.51,$168.99,$166.51
07/28/2023,$165.43,2925999,$165.29,$166.58,$164.64
07/27/2023,$163.60,3944153,$168.53,$168.54,$163.17
07/26/2023,$167.75,2351961,$166.17,$168.43,$166.0601
07/25/2023,$166.50,3286740,$167.35,$168.95,$166.42
07/24/2023,$167.79,4979939,$167.59,$169.00,$166.93
07/21/2023,$170.22,9102138,$172.17,$173.34,$167.4201
07/20/2023,$177.11,3940706,$175.56,$177.22,$174.05
07/19/2023,$177.12,2749120,$178.25,$178.787,$176.31
07/18/2023,$178.04,2686999,$175.19,$178.44,$174.43
07/17/2023,$175.39,2144714,$172.94,$176.26,$172.835
07/14/2023,$173.39,1829557,$175.36,$175.66,$172.52
07/13/2023,$174.24,2080403,$175.42,$176.10,$173.90
07/12/2023,$174.33,2305815,$177.00,$177.91,$174.31
07/11/2023,$174.64,2282393,$172.50,$175.58,$172.32
07/10/2023,$171.71,1865586,$169.86,$171.83,$169.45
07/07/2023,$169.80,2145508,$169.13,$171.57,$168.6701
07/06/2023,$170.94,3158089,$171.74,$172.31,$168.23
07/05/2023,$175.57,2487901,$174.38,$176.57,$174.04
07/03/2023,$175.44,1700165,$174.30,$176.325,$173.70
06/30/2023,$174.20,3371290,$174.24,$175.09,$173.33
06/29/2023,$172.08,2899253,$170.58,$172.31,$170.32
06/28/2023,$169.78,2289046,$167.26,$169.87,$167.195
06/27/2023,$168.19,2434106,$166.35,$168.38,$166.18
06/26/2023,$167.11,2507095,$168.53,$170.50,$167.06
06/23/2023,$168.07,4214383,$166.00,$168.60,$165.74
06/22/2023,$168.26,2755943,$167.28,$168.50,$165.225
06/21/2023,$167.92,2813682,$169.10,$169.10,$166.95
06/20/2023,$169.41,2865881,$171.00,$171.22,$168.33
06/16/2023,$172.21,4616883,$174.20,$174.5778,$171.55
06/15/2023,$173.81,2797604,$171.41,$174.53,$169.5687
06/14/2023,$174.47,2326124,$176.02,$177.04,$173.39
06/13/2023,$175.14,2480393,$174.41,$176.12,$174.21
06/12/2023,$173.64,2610433,$172.01,$173.93,$171.93
06/09/2023,$171.72,2200936,$171.94,$172.22,$170.9401
06/08/2023,$171.14,2354853,$170.65,$171.53,$169.56
06/07/2023,$171.55,2789037,$173.65,$173.65,$170.70
06/06/2023,$171.82,3631658,$167.85,$172.65,$167.50
06/05/2023,$167.43,2871111,$168.24,$168.1791,$165.83
06/02/2023,$168.56,4820511,$164.99,$169.85,$164.49
06/01/2023,$162.72,4087197,$159.06,$163.99,$158.23
05/31/2023,$158.56,5588546,$157.67,$159.605,$156.2625
05/30/2023,$158.01,3268247,$157.15,$158.95,$156.66
05/26/2023,$157.24,4015476,$152.81,$158.25,$152.53
05/25/2023,$151.08,3234307,$149.60,$151.50,$149.37
05/24/2023,$150.72,2308439,$151.50,$151.70,$150.12
05/23/2023,$152.56,2928596,$154.47,$155.76,$152.50
05/22/2023,$155.51,2483796,$153.67,$155.90,$153.28
05/19/2023,$152.95,2258568,$154.57,$154.915,$152.1377
05/18/2023,$153.48,2629827,$152.25,$154.12,$151.06
05/17/2023,$152.09,2446457,$149.82,$152.885,$149.30
05/16/2023,$148.41,1960309,$150.19,$152.41,$148.37
05/15/2023,$150.00,2271856,$148.18,$150.21,$147.93
05/12/2023,$147.93,2320020,$149.32,$149.32,$147.0893
05/11/2023,$147.99,2900305,$147.97,$148.50,$146.275
05/10/2023,$148.68,4602636,$153.61,$154.67,$147.95
05/09/2023,$153.38,2322801,$152.00,$153.73,$151.88
05/08/2023,$153.04,2271642,$153.41,$154.58,$152.95
05/05/2023,$152.65,2223216,$151.29,$153.3167,$151.12
05/04/2023,$148.81,3997870,$151.03,$151.25,$147.40
05/03/2023,$152.21,2655259,$153.26,$154.98,$151.84
05/02/2023,$153.25,4925558,$158.35,$158.35,$151.91
05/01/2023,$159.32,1803622,$161.85,$161.85,$158.68
04/28/2023,$161.34,2380121,$157.30,$161.38,$156.88
04/27/2023,$158.45,2143715,$156.54,$158.70,$155.91
04/26/2023,$155.72,2789135,$155.77,$157.265,$155.08
04/25/2023,$156.12,3421311,$158.91,$159.25,$155.965
04/24/2023,$160.59,2473468,$164.23,$164.30,$160.4015
04/21/2023,$163.78,3882603,$163.02,$164.7681,$161.23
04/20/2023,$163.28,10832400,$159.00,$163.75,$154.01
04/19/2023,$164.95,3768644,$164.37,$166.55,$163.74
04/18/2023,$164.40,2444533,$164.60,$165.0487,$163.28
04/17/2023,$163.71,2622345,$161.94,$163.74,$160.885
04/14/2023,$163.22,2618077,$164.24,$164.77,$161.46
04/13/2023,$162.30,2729022,$159.80,$162.42,$158.98
04/12/2023,$159.29,2817645,$163.22,$163.22,$158.8651
04/11/2023,$161.83,2742327,$161.67,$162.58,$160.315
04/10/2023,$161.14,2372633,$158.04,$161.17,$157.80
04/06/2023,$158.83,3754544,$160.63,$160.79,$158.23
04/05/2023,$161.08,2346826,$160.56,$161.60,$160.19
04/04/2023,$162.56,2063730,$165.01,$165.19,$160.83
04/03/2023,$163.78,2704361,$164.11,$165.24,$162.68
03/31/2023,$164.95,3594349,$163.67,$165.08,$161.75
03/30/2023,$162.41,2644815,$163.96,$164.96,$161.81
03/29/2023,$163.59,3884987,$161.70,$164.1871,$161.08
03/28/2023,$159.21,4883678,$162.21,$162.59,$158.19
03/27/2023,$163.12,3974110,$163.95,$164.47,$161.83
03/24/2023,$159.78,2588943,$160.52,$160.705,$157.82
03/23/2023,$162.76,3727735,$162.67,$166.24,$160.82
03/22/2023,$162.75,4367267,$164.63,$166.77,$162.50
03/21/2023,$164.56,3986761,$162.94,$164.57,$161.70
03/20/2023,$158.74,3054323,$158.37,$160.69,$157.57
03/17/2023,$156.52,7447152,$158.22,$158.648,$154.90
03/16/2023,$160.73,4738349,$158.06,$161.92,$156.10
03/15/2023,$159.81,6100774,$157.91,$159.955,$155.93
03/14/2023,$163.91,5284046,$161.50,$164.32,$160.88
03/13/2023,$157.63,6123186,$161.485,$161.985,$157.42
03/10/2023,$165.70,5104317,$170.83,$170.83,$164.835
03/09/2023,$172.12,4349449,$179.595,$180.2674,$171.955
03/08/2023,$174.83,2101443,$175.83,$176.22,$173.57
03/07/2023,$175.32,2906585,$178.67,$178.90,$175.08
03/06/2023,$179.06,2730912,$178.56,$180.515,$178.46
03/03/2023,$179.09,2875671,$176.01,$179.39,$175.23
03/02/2023,$175.34,1795345,$174.04,$175.825,$172.66
03/01/2023,$175.91,2566454,$173.51,$177.20,$173.01
02/28/2023,$173.99,2301391,$174.01,$175.335,$173.58
02/27/2023,$173.30,1909122,$175.53,$175.69,$173.08
02/24/2023,$174.25,1667412,$173.69,$174.94,$172.19
02/23/2023,$175.14,2575312,$175.24,$176.60,$172.855
02/22/2023,$174.70,2468774,$173.56,$176.0229,$172.93
02/21/2023,$173.48,2713342,$175.12,$176.50,$173.32
02/17/2023,$177.30,2355409,$176.05,$177.61,$174.655
02/16/2023,$177.94,1899103,$179.48,$179.88,$177.68
02/15/2023,$180.67,1502075,$178.92,$180.74,$178.50
02/14/2023,$181.02,2326126,$180.31,$182.15,$178.79
02/13/2023,$181.33,3102548,$179.24,$181.3806,$178.28
02/10/2023,$179.25,2586245,$178.57,$179.73,$176.49
02/09/2023,$179.37,3557851,$179.15,$182.08,$178.48
02/08/2023,$179.00,2926547,$179.75,$180.10,$177.88
02/07/2023,$178.70,3526392,$175.05,$179.03,$174.7482
02/06/2023,$176.48,3397762,$176.74,$177.75,$175.69
02/03/2023,$178.86,5305060,$171.56,$180.40,$171.21
02/02/2023,$173.13,6895514,$174.16,$175.22,$171.08
02/01/2023,$173.61,3725218,$173.38,$175.12,$171.93
01/31/2023,$174.93,5170928,$172.91,$175.31,$171.895
01/30/2023,$172.66,10240660,$174.79,$177.86,$172.5108
01/27/2023,$172.31,13997340,$166.80,$175.5416,$165.50
01/26/2023,$155.88,3640253,$157.65,$158.2299,$154.285
01/25/2023,$156.77,2916452,$153.49,$157.055,$153.37
01/24/2023,$155.33,2348501,$154.00,$156.67,$152.6601
01/23/2023,$154.00,3608652,$152.00,$155.06,$151.55
01/20/2023,$151.60,3954780,$147.96,$151.78,$147.72
01/19/2023,$146.85,3852474,$146.61,$148.00,$144.20
01/18/2023,$150.42,2762417,$154.49,$154.7599,$150.3205
01/17/2023,$153.75,3073414,$155.54,$156.10,$153.37
01/13/2023,$155.76,2391262,$153.24,$156.25,$152.30
01/12/2023,$154.92,3322481,$154.76,$155.748,$152.40
01/11/2023,$153.92,3113699,$152.30,$154.11,$152.27
01/10/2023,$152.00,2198389,$150.51,$152.18,$149.28
01/09/2023,$150.40,3219406,$151.35,$152.445,$150.10
01/06/2023,$150.17,3077593,$147.74,$150.43,$145.48
01/05/2023,$146.43,2505858,$147.16,$148.72,$146.02
01/04/2023,$150.54,2620388,$148.56,$151.96,$148.56
01/03/2023,$147.12,2762338,$149.54,$150.45,$145.73
12/30/2022,$147.75,2247443,$146.01,$147.93,$145.73
12/29/2022,$147.32,1758641,$145.08,$147.62,$144.4001
12/28/2022,$144.01,1490160,$146.21,$146.82,$143.94
12/27/2022,$146.39,1858526,$147.29,$147.86,$145.67
12/23/2022,$147.02,1671830,$145.23,$147.1391,$144.52
12/22/2022,$145.31,2901666,$146.05,$146.70,$142.72
12/21/2022,$147.10,2107058,$147.06,$147.7777,$146.37
12/20/2022,$145.70,1607973,$144.99,$146.50,$144.25
12/19/2022,$145.01,2546222,$146.04,$146.74,$143.66
12/16/2022,$146.30,4510826,$148.59,$148.59,$144.15
12/15/2022,$150.22,4284799,$151.65,$152.28,$146.47
12/14/2022,$154.11,3556245,$157.57,$158.62,$153.84
12/13/2022,$157.52,3110544,$160.62,$161.55,$156.16
12/12/2022,$157.31,2773937,$154.26,$157.76,$154.00
12/09/2022,$153.90,1761275,$153.99,$155.14,$152.6168
12/08/2022,$154.12,1632502,$155.89,$156.42,$153.45
12/07/2022,$154.77,2879830,$154.56,$156.99,$154.3101
12/06/2022,$154.70,3285269,$155.75,$158.34,$153.321
12/05/2022,$156.08,3013097,$155.96,$159.445,$155.55
12/02/2022,$156.75,2285397,$155.22,$157.28,$155.00
12/01/2022,$157.50,2670351,$157.72,$158.87,$154.75
11/30/2022,$157.59,3914739,$153.84,$157.59,$151.4831
11/29/2022,$154.42,2655744,$150.96,$154.47,$150.525
11/28/2022,$150.87,1783271,$152.69,$153.78,$150.37
11/25/2022,$154.15,665794,$153.52,$154.47,$153.17
11/23/2022,$153.93,1404497,$153.83,$154.99,$152.88
11/22/2022,$154.58,2124751,$154.10,$155.145,$153.285
11/21/2022,$152.81,2003541,$152.25,$153.46,$151.89
11/18/2022,$152.50,2631321,$152.25,$153.76,$150.9375
11/17/2022,$150.64,2769983,$150.00,$151.0623,$149.22
11/16/2022,$152.57,2635283,$154.21,$155.91,$151.854
11/15/2022,$153.89,2917022,$156.96,$157.35,$152.32
11/14/2022,$154.13,3666615,$153.37,$156.50,$153.06
11/11/2022,$154.89,3714598,$156.49,$158.88,$154.70
11/10/2022,$154.75,4701614,$152.79,$155.79,$151.31
11/09/2022,$145.86,2425496,$149.47,$149.47,$145.66
11/08/2022,$150.20,3846057,$147.44,$151.34,$147.1375
11/07/2022,$146.98,2917984,$146.20,$147.54,$143.76
11/04/2022,$144.72,3322250,$142.40,$146.356,$141.00
11/03/2022,$139.31,3960528,$141.09,$142.20,$138.77
11/02/2022,$143.50,2852089,$146.58,$149.03,$143.3701
11/01/2022,$147.08,2675699,$149.96,$150.63,$146.63
10/31/2022,$148.45,3043149,$150.00,$150.30,$148.32
10/28/2022,$150.44,3383315,$146.56,$150.91,$146.05
10/27/2022,$146.97,2101525,$148.44,$149.71,$146.41
10/26/2022,$146.88,3560551,$147.56,$149.50,$146.47
10/25/2022,$147.02,3889104,$142.48,$147.44,$141.60
10/24/2022,$141.63,4299569,$141.30,$143.79,$140.37
10/21/2022,$140.04,11755400,$140.99,$141.32,$132.21
10/20/2022,$142.42,4319336,$144.00,$147.315,$142.15
10/19/2022,$143.97,2804054,$145.43,$147.07,$142.60
10/18/2022,$145.99,3963269,$146.13,$147.05,$143.55
10/17/2022,$141.54,3139254,$140.58,$142.22,$140.09
10/14/2022,$136.81,3873599,$142.96,$143.88,$136.14
10/13/2022,$141.55,5232724,$131.35,$142.55,$130.65
10/12/2022,$136.74,2397555,$137.31,$138.45,$136.11
10/11/2022,$137.35,2588904,$136.37,$139.21,$135.39
10/10/2022,$137.51,2893409,$140.01,$140.38,$136.65
10/07/2022,$139.00,2579628,$140.42,$141.29,$138.08
10/06/2022,$142.38,2526239,$143.05,$145.06,$142.13
10/05/2022,$144.37,2073878,$142.92,$145.29,$142.08
10/04/2022,$145.46,2408884,$143.03,$145.55,$143.03
10/03/2022,$140.02,2677118,$137.95,$140.77,$134.92
09/30/2022,$134.91,3717212,$137.40,$138.67,$134.615
09/29/2022,$137.79,2280921,$138.39,$138.95,$135.84
09/28/2022,$140.56,5269635,$138.50,$141.18,$136.52
09/27/2022,$137.49,2828818,$139.44,$140.38,$136.10
09/26/2022,$137.45,3808706,$140.04,$141.29,$136.695
09/23/2022,$140.26,3035586,$140.775,$141.96,$138.09
09/22/2022,$143.03,3249602,$148.82,$148.89,$142.465
09/21/2022,$148.71,2599851,$154.67,$154.81,$148.66
09/20/2022,$153.48,1725941,$153.58,$154.59,$152.13
09/19/2022,$155.36,2472633,$151.25,$155.48,$150.70
09/16/2022,$153.08,6527339,$154.08,$154.08,$150.51
09/15/2022,$156.13,2371603,$156.43,$158.79,$155.90
09/14/2022,$156.30,2840430,$156.18,$157.555,$153.50
09/13/2022,$155.35,3519831,$158.14,$159.81,$154.84
09/12/2022,$162.45,4146273,$159.50,$163.45,$159.34
09/09/2022,$158.44,3543560,$154.45,$158.59,$154.30
09/08/2022,$153.52,3399245,$150.92,$153.69,$149.515
09/07/2022,$152.25,1766424,$148.40,$152.70,$148.38
09/06/2022,$148.60,2797699,$150.00,$151.31,$146.55
09/02/2022,$149.79,2028573,$153.48,$153.98,$148.93
09/01/2022,$151.11,2425163,$150.82,$151.37,$147.65
08/31/2022,$152.00,3271569,$155.56,$156.37,$151.84
08/30/2022,$154.66,2104499,$155.64,$156.12,$152.90
08/29/2022,$154.54,2693612,$155.88,$156.51,$154.41
08/26/2022,$157.31,2373705,$163.21,$163.59,$157.19
08/25/2022,$162.23,1936300,$160.00,$162.33,$158.78
08/24/2022,$159.13,2029412,$157.03,$159.56,$156.29
08/23/2022,$157.33,2885214,$158.00,$159.60,$157.20
08/22/2022,$157.70,1969338,$158.98,$159.19,$156.98
08/19/2022,$162.24,1895447,$163.50,$163.93,$162.01
08/18/2022,$164.65,1397717,$163.93,$164.99,$163.335
08/17/2022,$163.90,1804125,$163.30,$164.48,$162.20
08/16/2022,$165.35,1876086,$165.00,$165.98,$163.96
08/15/2022,$165.40,1852804,$164.28,$166.06,$163.76
08/12/2022,$165.84,1942595,$164.47,$166.00,$163.28
08/11/2022,$162.99,1968206,$164.36,$164.9239,$162.18
08/10/2022,$162.44,3225372,$161.77,$164.21,$161.64
08/09/2022,$158.80,2997862,$157.64,$158.94,$157.27
08/08/2022,$157.28,3080917,$159.00,$160.79,$156.94
08/05/2022,$157.51,2513764,$156.48,$158.039,$156.00
08/04/2022,$156.87,3693423,$156.02,$157.71,$155.26
08/03/2022,$155.43,2609272,$154.07,$156.04,$153.31
08/02/2022,$151.60,2563111,$152.02,$153.30,$150.84
08/01/2022,$153.33,2295687,$152.84,$154.77,$151.802
07/29/2022,$154.02,3198134,$152.37,$154.38,$151.29
07/28/2022,$152.14,3587931,$151.76,$152.65,$147.54
07/27/2022,$151.63,5029067,$151.60,$152.72,$147.27
07/26/2022,$149.83,2812658,$152.73,$153.50,$148.84
07/25/2022,$153.79,4213808,$154.25,$154.78,$151.2134
07/22/2022,$153.01,9298440,$159.01,$160.88,$152.62
07/21/2022,$150.18,4683039,$148.21,$150.33,$146.445
07/20/2022,$148.93,2802253,$146.87,$149.10,$146.37
07/19/2022,$147.78,3372275,$144.40,$147.93,$144.40
07/18/2022,$142.33,3330344,$144.34,$146.05,$141.52
07/15/2022,$142.48,3296764,$139.71,$143.11,$138.87
07/14/2022,$136.48,4600268,$135.70,$137.24,$134.12
07/13/2022,$139.40,2753776,$136.84,$140.02,$136.36
07/12/2022,$139.18,4047613,$137.53,$141.89,$137.0601
07/11/2022,$140.58,2377876,$140.47,$142.31,$139.835
07/08/2022,$141.76,3631943,$141.74,$143.11,$139.72
07/07/2022,$141.03,4258109,$140.18,$142.17,$139.15
07/06/2022,$138.15,4401364,$139.29,$140.50,$137.85
07/05/2022,$139.65,4057491,$137.22,$139.65,$135.65
07/01/2022,$140.40,2625268,$138.07,$140.89,$137.47
06/30/2022,$138.62,4123483,$136.70,$139.87,$134.30
06/29/2022,$139.47,4164876,$141.65,$141.675,$138.45
06/28/2022,$142.19,2720704,$146.08,$149.51,$141.85
06/27/2022,$144.29,3151538,$147.99,$148.77,$143.95
06/24/2022,$146.15,8957200,$141.63,$146.27,$141.00
06/23/2022,$141.65,3915027,$144.52,$144.63,$139.47
06/22/2022,$144.39,3419621,$142.23,$146.35,$141.341
06/21/2022,$144.76,3518802,$148.70,$148.70,$144.16
06/17/2022,$144.18,10033580,$138.00,$145.5604,$137.59
06/16/2022,$137.50,4815069,$142.59,$142.60,$136.49
06/15/2022,$146.22,3327823,$146.69,$147.885,$143.44
06/14/2022,$144.60,3574754,$145.95,$147.40,$143.25
06/13/2022,$146.29,4156526,$149.86,$151.03,$145.38
06/10/2022,$154.42,2733681,$157.26,$157.875,$154.36
06/09/2022,$160.98,2274633,$166.22,$166.57,$160.93
06/08/2022,$165.96,2313907,$166.75,$168.64,$165.19
06/07/2022,$168.69,2083115,$164.64,$169.4826,$164.45
06/06/2022,$167.02,1486149,$169.10,$170.259,$166.27
06/03/2022,$166.83,1390842,$166.90,$168.04,$165.98
06/02/2022,$169.14,1707213,$166.14,$169.19,$165.93
06/01/2022,$165.76,2276376,$168.70,$169.3688,$163.84
05/31/2022,$168.82,4123507,$167.94,$170.78,$167.04
05/27/2022,$169.60,2157655,$167.08,$169.68,$166.04
05/26/2022,$165.37,2463957,$162.70,$166.77,$162.70
05/25/2022,$160.51,4380974,$157.14,$161.76,$156.075
05/24/2022,$155.63,2817844,$157.29,$157.97,$152.9232
05/23/2022,$159.04,2726581,$156.61,$159.56,$156.02
05/20/2022,$153.24,2982520,$154.35,$154.80,$149.71
05/19/2022,$154.00,2768341,$153.57,$156.46,$153.25
05/18/2022,$156.10,2697883,$160.79,$160.85,$155.40
05/17/2022,$161.85,2928066,$161.07,$162.7634,$158.40
05/16/2022,$156.43,2811534,$157.41,$158.74,$154.32
05/13/2022,$158.75,3625115,$155.96,$160.09,$155.88
05/12/2022,$153.27,5314843,$155.60,$157.155,$149.88
05/11/2022,$159.39,2644292,$161.73,$164.94,$159.04
05/10/2022,$161.83,3015024,$163.42,$164.73,$158.39
05/09/2022,$161.02,4485182,$165.03,$166.02,$160.38
05/06/2022,$167.15,3129999,$169.17,$169.99,$165.01
05/05/2022,$171.01,2987115,$176.64,$176.76,$169.33
05/04/2022,$177.82,2930417,$172.22,$178.17,$171.20
05/03/2022,$172.11,3152328,$173.00,$174.00,$170.325
05/02/2022,$171.62,3881837,$174.652,$174.88,$167.51
04/29/2022,$174.71,3210677,$180.09,$182.305,$174.33
04/28/2022,$181.98,2706061,$180.35,$183.89,$177.61
04/27/2022,$177.63,4085821,$177.66,$179.41,$175.50
04/26/2022,$178.65,3728056,$183.25,$183.91,$178.54
04/25/2022,$184.10,4408872,$179.98,$184.26,$177.99
04/22/2022,$180.54,4373711,$185.43,$185.55,$180.32
04/21/2022,$185.74,3973185,$190.94,$192.42,$184.5801
04/20/2022,$188.46,2256223,$188.33,$190.15,$187.64
04/19/2022,$187.17,2713778,$185.01,$188.0876,$184.71
04/18/2022,$184.48,2182651,$181.33,$185.89,$181.00
04/14/2022,$181.16,2667102,$179.27,$182.47,$178.68
04/13/2022,$179.59,2980783,$174.23,$180.02,$174.00
04/12/2022,$175.54,4348860,$176.57,$179.25,$174.7101
04/11/2022,$177.57,4816967,$181.06,$182.44,$177.25
04/08/2022,$183.70,3075707,$183.00,$186.72,$181.93
04/07/2022,$182.39,4062440,$181.52,$183.265,$179.11
04/06/2022,$183.71,3143308,$184.49,$184.87,$181.73
04/05/2022,$185.40,2974710,$187.49,$190.84,$184.80
04/04/2022,$187.66,2971519,$187.62,$188.50,$185.59
04/01/2022,$187.17,2646976,$188.20,$189.4158,$186.28
03/31/2022,$187.00,3801799,$189.53,$191.1087,$186.94
03/30/2022,$189.76,2278190,$191.39,$192.10,$188.40
03/29/2022,$190.94,2764127,$192.33,$194.00,$190.36
03/28/2022,$189.70,3043718,$189.95,$189.95,$186.29
03/25/2022,$190.28,1872175,$190.41,$191.26,$189.00
03/24/2022,$188.89,2424574,$186.61,$189.37,$185.70
03/23/2022,$186.02,3664595,$188.83,$189.62,$185.18
03/22/2022,$191.33,3006978,$190.50,$194.35,$190.06
03/21/2022,$189.09,3166169,$190.77,$191.50,$187.56
03/18/2022,$190.72,8744106,$188.69,$191.00,$184.84
03/17/2022,$186.97,6398861,$180.18,$187.71,$180.06
03/16/2022,$180.61,5239264,$179.18,$182.76,$176.30
03/15/2022,$176.04,3827346,$173.59,$178.295,$173.37
03/14/2022,$172.79,4614621,$171.33,$174.71,$169.71
03/11/2022,$167.90,3000007,$171.75,$172.31,$167.63
03/10/2022,$169.60,3841129,$165.59,$170.96,$164.83
03/09/2022,$168.65,4788406,$168.02,$170.73,$166.71
03/08/2022,$160.05,7058862,$160.52,$166.29,$155.72
03/07/2022,$159.13,7760413,$170.13,$170.755,$159.08
03/04/2022,$172.95,5349824,$176.62,$176.83,$170.8205
03/03/2022,$179.89,3339910,$182.11,$183.45,$178.73
03/02/2022,$180.31,4058834,$179.79,$182.24,$178.10
03/01/2022,$178.06,8562503,$194.67,$194.77,$176.77
02/28/2022,$194.54,5787757,$189.63,$195.13,$189.23
02/25/2022,$193.71,5426163,$189.66,$194.25,$189.46
02/24/2022,$188.35,5886604,$180.47,$188.50,$179.05
02/23/2022,$188.95,3562094,$194.35,$194.45,$188.55
02/22/2022,$192.44,3420575,$195.18,$196.15,$191.75
02/18/2022,$194.88,2806269,$194.92,$197.75,$194.20
02/17/2022,$195.71,3051685,$195.63,$197.38,$194.27
02/16/2022,$198.38,4122642,$197.50,$199.55,$197.24
02/15/2022,$197.98,4135150,$194.65,$198.36,$194.18
02/14/2022,$192.35,3841257,$192.26,$194.15,$190.92
02/11/2022,$191.81,4834921,$195.43,$197.20,$190.45
02/10/2022,$195.51,4511139,$196.36,$198.23,$194.61
02/09/2022,$196.40,4614173,$194.30,$198.72,$194.30
02/08/2022,$194.00,5133918,$188.08,$194.53,$187.61
02/07/2022,$187.87,3260818,$185.63,$188.91,$184.75
02/04/2022,$185.85,4075775,$184.91,$188.68,$184.18
02/03/2022,$184.04,3381027,$184.80,$185.80,$182.3201
02/02/2022,$184.16,2841396,$182.51,$184.58,$181.64
02/01/2022,$183.54,3471202,$179.92,$184.04,$179.00
01/31/2022,$179.82,5524258,$175.91,$180.13,$175.22
01/28/2022,$177.06,4271532,$171.76,$177.21,$169.77
01/27/2022,$171.90,3651426,$176.70,$178.20,$170.63
01/26/2022,$175.32,8257282,$176.95,$179.2247,$173.03
01/25/2022,$173.11,13320820,$166.14,$174.4696,$159.66
01/24/2022,$158.93,5406501,$155.82,$159.45,$152.85
01/21/2022,$158.74,3779077,$159.95,$161.8799,$157.68
01/20/2022,$160.92,4205598,$161.12,$164.57,$159.462
01/19/2022,$161.39,3591955,$166.73,$166.73,$161.17
01/18/2022,$166.17,4336587,$167.91,$168.94,$164.84
01/14/2022,$168.40,6508504,$168.71,$168.71,$164.71
01/13/2022,$173.29,3808846,$174.92,$176.375,$172.85
01/12/2022,$174.47,3224454,$176.23,$176.82,$174.17
01/11/2022,$175.38,2762834,$174.54,$175.72,$172.49
01/10/2022,$173.74,4269577,$176.21,$176.21,$170.50
01/07/2022,$174.38,3043017,$172.49,$175.36,$171.8601
01/06/2022,$172.90,2649471,$172.54,$173.69,$169.75
01/05/2022,$171.76,4491937,$174.71,$176.31,$171.50
01/04/2022,$173.61,4799729,$169.72,$174.05,$169.60
01/03/2022,$168.21,3126302,$164.51,$168.40,$164.40
12/31/2021,$163.60,1743680,$164.10,$165.17,$163.25
12/30/2021,$164.16,1633032,$164.62,$165.80,$164.00
12/29/2021,$163.83,2082161,$164.62,$164.93,$163.26
12/28/2021,$164.41,2035328,$163.60,$166.13,$163.60
12/27/2021,$164.39,1688149,$165.00,$165.00,$162.5301
12/23/2021,$164.19,3140482,$163.86,$166.3963,$163.59
12/22/2021,$162.47,2877654,$160.53,$163.17,$160.45
12/21/2021,$160.91,3722732,$157.75,$161.05,$157.5201
12/20/2021,$155.89,3839553,$157.00,$158.21,$153.78
12/17/2021,$160.01,9581837,$161.00,$161.315,$156.95
12/16/2021,$163.00,4900140,$164.00,$165.18,$161.90
12/15/2021,$162.24,5012982,$162.71,$163.05,$158.53
12/14/2021,$162.85,2964201,$162.14,$165.26,$161.06
12/13/2021,$163.30,3477606,$166.40,$166.40,$161.9937
12/10/2021,$167.03,2768512,$169.38,$170.58,$165.96
12/09/2021,$168.02,2245342,$167.85,$168.8299,$166.55
12/08/2021,$168.93,4042446,$167.98,$170.54,$167.28
12/07/2021,$166.95,5124476,$164.50,$169.16,$164.16
12/06/2021,$160.68,4141873,$159.07,$162.74,$158.05
12/03/2021,$155.94,4069252,$158.08,$158.33,$153.63
12/02/2021,$156.77,6289250,$151.68,$157.91,$151.46
12/01/2021,$150.06,6159348,$156.10,$157.07,$149.89
11/30/2021,$152.30,7444938,$155.09,$155.87,$151.70
11/29/2021,$157.86,6258548,$160.75,$161.41,$154.3401
11/26/2021,$156.82,6804152,$165.09,$165.24,$154.495
11/24/2021,$171.61,3590757,$168.48,$171.98,$167.90
11/23/2021,$170.85,5890532,$171.30,$171.95,$167.83
11/22/2021,$170.90,4653291,$174.99,$175.25,$170.89
11/19/2021,$173.54,4456843,$173.73,$175.265,$171.84
11/18/2021,$176.21,4015517,$180.00,$180.37,$175.84
11/17/2021,$179.61,3543517,$181.18,$181.74,$178.20
11/16/2021,$180.92,3299192,$183.40,$183.40,$179.74
11/15/2021,$183.13,1748578,$182.53,$183.93,$182.04
11/12/2021,$181.89,2390445,$180.71,$182.38,$179.65
11/11/2021,$181.30,2120041,$181.99,$182.73,$180.74
11/10/2021,$181.39,3296683,$179.36,$183.48,$179.36
11/09/2021,$179.86,3203346,$179.76,$181.19,$178.43
11/08/2021,$180.05,3391950,$178.07,$182.09,$177.79
11/05/2021,$176.69,3935961,$176.18,$177.79,$175.35
11/04/2021,$172.53,3315441,$172.13,$174.02,$171.66
11/03/2021,$172.61,3831399,$172.70,$173.83,$171.75
11/02/2021,$173.17,3252942,$175.00,$175.20,$172.57
11/01/2021,$174.21,2250438,$174.58,$176.07,$173.34
10/29/2021,$173.78,3455385,$175.63,$176.67,$173.04
10/28/2021,$174.61,4865738,$178.40,$179.2271,$173.02
10/27/2021,$178.03,3309864,$180.10,$183.73,$177.91
10/26/2021,$180.95,3832409,$183.42,$183.50,$177.52
10/25/2021,$182.31,3889567,$186.73,$187.21,$181.83
10/22/2021,$187.08,6026087,$185.00,$189.03,$182.20
10/21/2021,$177.47,3313778,$179.58,$179.79,$176.01
10/20/2021,$179.60,2398543,$176.95,$179.77,$176.21
10/19/2021,$177.31,1400085,$177.73,$178.00,$176.26
10/18/2021,$176.82,2623346,$175.58,$177.605,$174.33
10/15/2021,$175.81,3043939,$173.77,$177.77,$173.15
10/14/2021,$171.51,3062078,$171.00,$172.38,$169.81
10/13/2021,$168.72,5608682,$172.78,$174.0861,$167.08
10/12/2021,$174.91,3069585,$173.61,$176.56,$173.10
10/11/2021,$173.46,2499347,$175.79,$176.79,$173.33
10/08/2021,$175.15,2375299,$173.85,$176.98,$173.53
10/07/2021,$174.29,3578801,$175.50,$176.8681,$173.70
10/06/2021,$173.40,2922239,$172.55,$174.90,$169.90
10/05/2021,$174.76,2629648,$173.43,$176.06,$172.64
10/04/2021,$172.66,3613872,$173.88,$177.23,$171.88
10/01/2021,$173.94,3956002,$168.50,$175.12,$168.48
09/30/2021,$167.53,3091993,$172.18,$172.36,$167.41
09/29/2021,$171.54,2726147,$172.89,$172.98,$170.40
09/28/2021,$173.14,3862445,$175.49,$177.24,$172.685
09/27/2021,$176.77,3703294,$177.67,$178.80,$176.33
09/24/2021,$175.72,2680362,$173.37,$176.00,$173.30
09/23/2021,$173.36,4399234,$169.49,$174.10,$169.31
09/22/2021,$167.49,3562920,$165.62,$168.62,$164.90
09/21/2021,$163.27,3480657,$161.91,$165.35,$161.69
09/20/2021,$160.57,5976863,$159.36,$162.14,$157.95
09/17/2021,$163.92,6395518,$161.57,$164.25,$161.57
09/16/2021,$162.63,2764960,$163.10,$164.50,$162.20
09/15/2021,$161.34,2933104,$160.02,$162.31,$159.21
09/14/2021,$159.48,4281618,$162.68,$165.83,$158.78
09/13/2021,$161.45,3192472,$160.64,$161.80,$159.75
09/10/2021,$158.72,2943665,$161.17,$161.46,$158.39
09/09/2021,$159.39,3295869,$158.78,$162.15,$158.54
09/08/2021,$158.93,3057036,$159.19,$159.26,$156.80
09/07/2021,$159.72,3779455,$158.87,$160.66,$158.57
09/03/2021,$159.30,4207482,$160.75,$161.282,$158.165
09/02/2021,$162.05,4350746,$165.05,$165.08,$161.14
09/01/2021,$164.44,2569133,$166.34,$167.275,$164.13
08/31/2021,$165.96,3536411,$164.10,$166.43,$163.7181
08/30/2021,$164.26,2582193,$168.16,$168.30,$164.21
08/27/2021,$168.65,3002548,$165.35,$168.89,$165.16
08/26/2021,$165.51,3164701,$165.97,$166.50,$164.38
08/25/2021,$166.18,3580170,$161.88,$167.23,$160.50
08/24/2021,$161.20,2377641,$160.60,$161.90,$160.19
08/23/2021,$160.45,2006541,$161.23,$161.85,$160.11
08/20/2021,$159.75,3074990,$158.85,$159.99,$158.06
08/19/2021,$159.03,4256385,$160.16,$161.0886,$157.33
08/18/2021,$162.13,3563667,$163.83,$165.14,$162.06
08/17/2021,$164.65,7631605,$164.76,$166.35,$163.35
08/16/2021,$165.75,3847993,$164.77,$165.895,$162.63
08/13/2021,$166.08,4157675,$168.09,$168.30,$165.61
08/12/2021,$168.52,3373007,$170.02,$170.11,$167.97
08/11/2021,$170.67,3843380,$169.45,$170.73,$168.67
08/10/2021,$169.49,3389706,$170.73,$171.70,$168.675
08/09/2021,$170.78,2560525,$170.35,$171.12,$168.79
08/06/2021,$171.36,2828724,$170.53,$172.85,$169.74
08/05/2021,$169.63,2535484,$168.66,$170.53,$168.3201
08/04/2021,$168.06,3544432,$168.30,$170.4399,$167.32
08/03/2021,$169.04,3642023,$169.75,$170.29,$165.30
08/02/2021,$169.27,2895656,$171.14,$173.36,$168.76
07/30/2021,$170.53,3442209,$172.32,$173.24,$169.815
07/29/2021,$171.95,3186903,$171.39,$173.815,$171.00
07/28/2021,$170.02,7961672,$173.00,$173.45,$169.71
07/27/2021,$172.94,7922826,$170.46,$175.12,$169.96
07/26/2021,$172.61,3115863,$173.25,$175.43,$172.30
07/23/2021,$173.18,6326617,$176.53,$179.67,$172.95
07/22/2021,$170.90,3335940,$172.25,$173.209,$169.05
07/21/2021,$172.51,3384776,$170.74,$173.62,$169.74
07/20/2021,$168.87,4243662,$162.94,$169.58,$162.57
07/19/2021,$162.81,6739752,$165.65,$166.38,$161.48
07/16/2021,$170.01,4359817,$173.74,$173.79,$169.54
07/15/2021,$172.85,3448298,$171.14,$173.26,$171.10
07/14/2021,$172.52,3123051,$172.86,$174.55,$171.01
07/13/2021,$172.62,2674962,$174.00,$174.74,$172.42
07/12/2021,$173.60,3154068,$170.07,$174.10,$169.8801
07/09/2021,$171.94,3175192,$170.00,$172.31,$169.21
07/08/2021,$167.50,4628410,$166.95,$170.04,$165.59
07/07/2021,$170.98,3998915,$169.60,$174.76,$169.38
07/06/2021,$169.56,4688149,$172.54,$172.54,$167.80
07/02/2021,$168.50,2029377,$167.70,$168.98,$167.01
07/01/2021,$166.94,2685879,$165.65,$167.37,$164.69
06/30/2021,$165.23,2331836,$163.70,$166.16,$163.70
06/29/2021,$164.25,2785869,$165.57,$166.32,$163.23
06/28/2021,$164.78,3433417,$168.62,$168.845,$163.20
06/25/2021,$169.45,9185989,$168.45,$170.41,$168.45
06/24/2021,$168.21,2417124,$167.055,$168.58,$166.41
06/23/2021,$166.02,2327649,$165.03,$166.86,$164.79
06/22/2021,$164.50,2697851,$163.42,$165.24,$162.46
06/21/2021,$164.90,3681406,$160.08,$165.21,$159.13
06/18/2021,$158.17,6900458,$158.70,$159.67,$157.25
06/17/2021,$162.13,4194569,$165.97,$165.9971,$160.53
06/16/2021,$164.68,3281606,$165.78,$166.65,$164.27
06/15/2021,$166.27,3726439,$163.93,$166.90,$163.80
06/14/2021,$163.81,2125719,$164.30,$164.88,$163.11
06/11/2021,$164.51,1630124,$163.00,$164.54,$162.51
06/10/2021,$162.23,3024778,$165.18,$165.21,$162.12
06/09/2021,$164.09,2700099,$165.27,$166.14,$163.80
06/08/2021,$166.51,2486506,$164.86,$167.14,$163.63
06/07/2021,$165.92,2516443,$165.63,$166.65,$165.37
06/04/2021,$165.00,3239263,$165.00,$165.73,$163.32
06/03/2021,$164.52,2454835,$163.68,$165.42,$162.82
06/02/2021,$164.12,3384656,$164.61,$165.69,$163.32
06/01/2021,$163.76,3827978,$162.51,$164.11,$161.55
05/28/2021,$160.13,2437025,$160.26,$160.635,$158.86
05/27/2021,$159.74,2828368,$159.98,$160.29,$158.85
05/26/2021,$158.58,3731658,$158.16,$159.38,$157.37
05/25/2021,$158.01,2484248,$159.07,$160.08,$157.74
05/24/2021,$158.64,1956937,$157.70,$158.905,$156.95
05/21/2021,$156.87,3424122,$156.70,$158.81,$156.3459
05/20/2021,$155.53,3031135,$155.47,$156.251,$153.93
05/19/2021,$154.73,3527061,$152.07,$154.775,$151.72
05/18/2021,$154.99,2417796,$157.36,$158.30,$154.86
05/17/2021,$156.86,1541383,$157.05,$157.3751,$155.88
05/14/2021,$157.15,1892786,$155.39,$157.935,$154.53
05/13/2021,$154.08,2269772,$152.41,$154.81,$151.81
05/12/2021,$152.30,3487353,$154.72,$155.90,$152.07
05/11/2021,$154.43,3900087,$156.46,$157.79,$153.65
05/10/2021,$158.68,2987640,$159.75,$160.69,$158.50
05/07/2021,$158.98,2617982,$155.61,$159.26,$155.34
05/06/2021,$156.88,2798825,$156.86,$157.505,$154.02
05/05/2021,$156.39,2194909,$154.87,$156.73,$154.32
05/04/2021,$154.53,3025258,$154.48,$155.74,$152.8401
05/03/2021,$154.80,2726404,$154.59,$156.05,$154.01
04/30/2021,$153.35,2712846,$153.60,$154.04,$152.48
04/29/2021,$154.63,2636183,$153.85,$155.08,$152.09
04/28/2021,$152.54,2584455,$150.68,$153.455,$149.44
04/27/2021,$150.36,2692069,$150.70,$150.88,$148.85
04/26/2021,$150.34,4821052,$146.80,$151.12,$145.56
04/23/2021,$144.33,6400505,$141.54,$144.98,$140.68
04/22/2021,$147.16,3247306,$147.57,$148.92,$145.87
04/21/2021,$147.18,2161652,$144.00,$147.38,$143.02
04/20/2021,$145.10,2526892,$147.21,$147.50,$144.51
04/19/2021,$148.54,2259141,$149.19,$149.505,$147.80
04/16/2021,$149.99,3479952,$149.71,$150.45,$148.69
04/15/2021,$148.53,2901231,$147.51,$148.59,$145.50
04/14/2021,$147.42,2141855,$145.81,$148.75,$145.70
04/13/2021,$145.99,2132419,$146.55,$146.605,$143.84
04/12/2021,$147.57,1869013,$147.26,$147.77,$146.41
04/09/2021,$147.78,1783371,$148.21,$148.44,$146.69
04/08/2021,$147.04,2295770,$146.80,$147.16,$144.68
04/07/2021,$147.13,2399603,$147.42,$148.36,$145.72
04/06/2021,$146.15,2851170,$145.98,$146.53,$144.38
04/05/2021,$146.06,2960081,$146.91,$147.48,$145.61
04/01/2021,$144.57,2629367,$142.34,$144.63,$142.205
03/31/2021,$141.44,2957303,$142.98,$143.26,$141.35
03/30/2021,$143.49,2034531,$142.90,$144.48,$142.61
03/29/2021,$142.37,2220576,$141.98,$143.07,$140.31
03/26/2021,$143.73,2687546,$143.74,$143.98,$141.0506
03/25/2021,$142.28,2766588,$137.95,$142.53,$136.76
03/24/2021,$138.42,2638925,$137.97,$140.04,$137.6142
03/23/2021,$136.08,4905394,$138.94,$139.50,$135.125
03/22/2021,$139.95,2274119,$139.49,$140.99,$138.81
03/19/2021,$140.71,5098313,$141.90,$141.94,$139.7358
03/18/2021,$142.58,3173793,$145.49,$145.50,$142.07
03/17/2021,$144.68,3278463,$144.76,$144.82,$141.90
03/16/2021,$143.30,4031004,$147.25,$147.265,$142.82
03/15/2021,$146.99,2587554,$148.04,$148.92,$146.03
03/12/2021,$148.54,2420091,$149.10,$150.64,$148.02
03/11/2021,$147.75,3147700,$146.00,$147.82,$145.13
03/10/2021,$146.75,3049798,$145.70,$148.29,$145.4401
03/09/2021,$145.10,5806098,$148.58,$149.08,$144.11
03/08/2021,$150.27,4283406,$147.28,$151.46,$146.72
03/05/2021,$147.33,5048348,$144.66,$147.96,$142.08
03/04/2021,$142.68,4461743,$142.15,$144.11,$139.95
03/03/2021,$142.59,4393693,$140.00,$144.25,$140.00
03/02/2021,$139.25,2929140,$138.24,$140.19,$138.08
03/01/2021,$138.71,2972111,$138.18,$139.77,$138.12
02/26/2021,$135.26,3654873,$137.10,$138.25,$133.79
02/25/2021,$137.08,3607516,$140.62,$140.64,$136.37
02/24/2021,$139.89,4099537,$137.20,$140.95,$136.81
02/23/2021,$136.94,4814427,$136.47,$138.31,$134.28
02/22/2021,$135.95,3923076,$131.51,$136.47,$131.37
02/19/2021,$131.71,3419709,$129.49,$133.36,$129.49
02/18/2021,$128.49,2269742,$127.49,$128.83,$126.075
02/17/2021,$128.56,3199431,$130.08,$131.16,$128.44
02/16/2021,$130.68,2730821,$128.91,$130.91,$128.25
02/12/2021,$129.62,2873279,$128.19,$130.46,$128.00
02/11/2021,$128.31,3732993,$127.45,$129.12,$126.98
02/10/2021,$128.23,2929085,$127.63,$128.70,$126.84
02/09/2021,$126.68,2174998,$127.65,$127.66,$126.20
02/08/2021,$127.99,3360932,$126.87,$128.40,$126.745
02/05/2021,$126.28,3184161,$126.62,$127.34,$125.63
02/04/2021,$124.90,3916137,$120.99,$125.41,$120.80
02/03/2021,$120.44,2782538,$120.08,$120.98,$119.5604
02/02/2021,$120.70,4037011,$118.29,$122.42,$118.28
02/01/2021,$117.03,3359755,$117.70,$119.29,$117.00
01/29/2021,$116.26,5059268,$117.74,$118.39,$115.81
01/28/2021,$118.97,5788461,$117.43,$120.3799,$116.60
01/27/2021,$114.09,5816887,$114.86,$116.80,$112.0985
01/26/2021,$116.15,8932506,$118.75,$120.29,$115.72
01/25/2021,$121.15,6156720,$124.24,$125.00,$120.32
01/22/2021,$126.14,2955018,$125.74,$127.055,$124.88
01/21/2021,$127.43,3655162,$128.29,$128.89,$126.10
01/20/2021,$128.94,4090178,$127.19,$129.54,$127.07
01/19/2021,$126.75,5818462,$125.49,$128.06,$124.24
01/15/2021,$122.15,3948310,$122.48,$122.86,$121.71
01/14/2021,$123.78,3404723,$122.65,$124.50,$122.085
01/13/2021,$122.40,3678359,$121.60,$123.89,$121.16
01/12/2021,$121.62,2671310,$122.00,$122.315,$120.7201
01/11/2021,$121.06,3311225,$120.42,$121.41,$119.39
01/08/2021,$121.78,2934467,$122.07,$122.195,$119.52
01/07/2021,$121.66,8696634,$124.10,$125.6873,$117.3501
01/06/2021,$123.06,5861455,$121.00,$124.73,$120.81
01/05/2021,$118.67,2112678,$118.26,$119.28,$117.10
01/04/2021,$118.04,3472122,$121.30,$121.80,$116.85
12/31/2020,$120.91,1747820,$119.71,$121.06,$119.16
12/30/2020,$119.43,1954220,$118.25,$119.948,$118.15
12/29/2020,$118.14,1860390,$119.24,$119.35,$118.00
12/28/2020,$118.36,1878730,$118.05,$119.35,$117.60
12/24/2020,$117.35,706966,$116.93,$117.44,$115.82
12/23/2020,$116.95,2725210,$115.78,$118.19,$115.78
12/22/2020,$114.55,3634384,$116.19,$116.26,$114.38
12/21/2020,$116.41,4528289,$115.77,$118.00,$113.72
12/18/2020,$117.51,8394103,$118.59,$119.36,$116.65
12/17/2020,$118.98,3747029,$119.41,$119.6691,$118.46
12/16/2020,$119.00,2943758,$118.93,$119.59,$118.28
12/15/2020,$119.10,4529332,$118.79,$119.31,$115.56
12/14/2020,$117.36,5336327,$121.73,$121.79,$116.65
12/11/2020,$120.23,2942770,$120.11,$120.50,$118.84
12/10/2020,$121.84,2818840,$120.72,$122.13,$119.70
12/09/2020,$121.69,3622849,$123.28,$123.96,$121.0065
12/08/2020,$123.52,3623321,$122.47,$124.55,$122.02
12/07/2020,$123.94,4253683,$124.51,$124.87,$122.63
12/04/2020,$125.04,5048606,$124.35,$125.32,$123.85
12/03/2020,$123.12,4285438,$122.85,$123.95,$122.115
12/02/2020,$122.33,3271937,$119.28,$122.85,$118.90
12/01/2020,$119.93,3584437,$120.32,$122.57,$119.85
11/30/2020,$118.59,3517667,$120.03,$121.4848,$118.00
11/27/2020,$120.59,2447715,$120.53,$121.69,$119.79
11/25/2020,$120.58,4646612,$119.50,$120.98,$118.25
11/24/2020,$120.39,6169168,$119.00,$120.84,$117.89
11/23/2020,$116.09,3024092,$114.24,$116.78,$113.72
11/20/2020,$112.58,3702955,$113.74,$114.54,$111.90
11/19/2020,$114.14,3249828,$113.78,$114.80,$112.53
11/18/2020,$114.24,3264263,$116.94,$118.76,$114.19
11/17/2020,$116.48,4023241,$116.97,$117.79,$114.14
11/16/2020,$118.67,5339095,$119.10,$120.39,$116.75
11/13/2020,$114.99,4812925,$112.34,$115.635,$112.21
11/12/2020,$111.10,4942909,$109.82,$112.12,$109.5523
11/11/2020,$111.12,5642656,$115.93,$116.00,$110.302
11/10/2020,$115.95,7056799,$118.59,$119.89,$115.12
11/09/2020,$117.37,17261690,$110.54,$119.81,$110.19
11/06/2020,$96.69,3126557,$98.52,$98.64,$96.27
11/05/2020,$98.11,4197252,$97.21,$98.32,$96.84
11/04/2020,$96.40,4545528,$94.00,$97.82,$92.86
11/03/2020,$96.29,4004301,$94.75,$96.8481,$94.40
11/02/2020,$93.40,3573259,$92.96,$94.13,$92.27
10/30/2020,$91.24,4736471,$90.80,$91.32,$89.11
10/29/2020,$91.07,5419484,$91.41,$92.23,$90.13
10/28/2020,$91.60,7037765,$91.96,$93.57,$91.00
10/27/2020,$94.93,3780294,$97.62,$97.70,$94.90
10/26/2020,$96.88,5731514,$99.77,$100.10,$95.78
10/23/2020,$100.98,8921228,$100.63,$103.64,$100.00
10/22/2020,$104.79,3748804,$101.70,$104.86,$101.5701
10/21/2020,$101.43,2588393,$103.17,$103.385,$101.355
10/20/2020,$103.14,2955074,$102.94,$104.61,$102.83
10/19/2020,$102.47,3196787,$105.13,$105.22,$102.25
10/16/2020,$104.91,2394339,$104.65,$105.68,$104.20
10/15/2020,$104.43,2699337,$103.44,$104.89,$103.02
10/14/2020,$104.81,2826595,$105.38,$106.27,$104.76
10/13/2020,$105.01,2602606,$105.89,$106.59,$104.76
10/12/2020,$106.61,2626756,$106.46,$107.01,$106.00
10/09/2020,$106.34,3510785,$105.99,$107.21,$105.235
10/08/2020,$106.06,2922912,$104.33,$106.14,$104.06
10/07/2020,$103.38,3048720,$102.81,$104.1546,$102.39
10/06/2020,$101.76,3309168,$105.01,$105.29,$101.32
10/05/2020,$103.89,2863463,$103.33,$104.08,$102.27
10/02/2020,$101.61,3783618,$99.78,$103.14,$98.63
10/01/2020,$101.33,4179279,$100.33,$101.48,$99.37
09/30/2020,$100.25,5060944,$98.23,$101.52,$98.23
09/29/2020,$97.75,3200685,$98.74,$99.35,$97.23
09/28/2020,$98.82,3931088,$99.00,$99.725,$98.63
09/25/2020,$96.26,2775850,$94.68,$96.85,$94.46
09/24/2020,$95.45,4249018,$95.34,$96.8988,$93.71
09/23/2020,$95.56,9427242,$95.76,$97.10,$95.09
09/22/2020,$98.48,4884443,$98.01,$99.7847,$96.41
09/21/2020,$98.17,8340195,$100.60,$100.63,$96.215
09/18/2020,$103.44,6630252,$104.46,$106.12,$103.31
09/17/2020,$104.66,3215625,$104.27,$105.35,$103.3201
09/16/2020,$105.98,5799110,$106.73,$107.49,$104.69
09/15/2020,$106.68,3371640,$107.84,$108.12,$106.24
09/14/2020,$107.27,3620420,$104.65,$107.69,$104.22
09/11/2020,$103.36,2604824,$102.91,$103.85,$102.0105
09/10/2020,$102.77,3289041,$104.19,$105.11,$102.31
09/09/2020,$103.78,2474721,$104.57,$104.71,$102.69
09/08/2020,$103.67,4517032,$104.42,$105.08,$103.30
09/04/2020,$105.67,5235348,$106.35,$108.275,$104.48
09/03/2020,$104.46,6747861,$104.97,$109.03,$103.85
09/02/2020,$104.40,3536855,$102.58,$104.87,$102.29
09/01/2020,$102.47,3143403,$100.54,$102.78,$100.16
08/31/2020,$101.59,4665753,$102.90,$102.90,$101.36
08/28/2020,$102.54,4382870,$102.15,$102.90,$100.74
08/27/2020,$101.53,3992187,$98.76,$102.14,$98.53
08/26/2020,$98.40,2936486,$98.56,$99.14,$97.81
08/25/2020,$99.05,2946625,$100.62,$100.79,$98.0282
08/24/2020,$99.33,4141096,$96.68,$99.37,$96.39
08/21/2020,$96.15,2845431,$96.49,$97.65,$95.96
08/20/2020,$96.72,3102494,$95.74,$97.5755,$95.68
08/19/2020,$96.89,3079639,$96.82,$97.9148,$95.89
08/18/2020,$96.67,3337580,$98.19,$98.83,$96.47
08/17/2020,$97.55,7488517,$99.92,$100.00,$97.44
08/14/2020,$100.41,1956491,$99.66,$101.29,$99.27
08/13/2020,$100.42,3265769,$100.53,$101.83,$99.50
08/12/2020,$101.68,3408210,$104.76,$104.80,$100.68
08/11/2020,$103.26,4744256,$103.99,$105.70,$102.96
08/10/2020,$101.62,5254766,$99.49,$102.645,$99.26
08/07/2020,$99.16,4690730,$95.29,$99.30,$94.95
08/06/2020,$95.92,2698777,$95.18,$96.265,$94.48
08/05/2020,$95.39,2852335,$93.82,$95.58,$93.81
08/04/2020,$93.19,2415124,$93.49,$93.7966,$92.49
08/03/2020,$93.54,2869843,$93.31,$94.40,$92.44
07/31/2020,$93.32,4088793,$94.31,$94.45,$92.23
07/30/2020,$94.65,3856299,$94.68,$94.78,$92.50
07/29/2020,$96.69,2791954,$94.71,$96.75,$94.44
07/28/2020,$94.42,3567652,$95.76,$96.29,$94.18
07/27/2020,$95.79,3501828,$94.64,$95.98,$93.6401
07/24/2020,$95.33,4790446,$95.30,$97.15,$93.30
07/23/2020,$96.67,4239812,$95.51,$97.78,$95.51
07/22/2020,$96.54,4360503,$95.81,$97.41,$95.38
07/21/2020,$96.33,4227530,$95.25,$97.46,$94.73
07/20/2020,$94.00,3560385,$94.80,$95.36,$93.58
07/17/2020,$95.18,2873784,$96.35,$96.53,$95.01
07/16/2020,$96.32,2666018,$96.50,$97.79,$95.67
07/15/2020,$97.36,5405620,$96.66,$97.78,$96.39
07/14/2020,$94.84,4044377,$93.19,$95.22,$92.29
07/13/2020,$93.56,4819699,$94.24,$95.76,$92.78
07/10/2020,$93.23,4400854,$90.32,$93.305,$89.82
07/09/2020,$90.57,4484524,$92.51,$93.21,$89.58
07/08/2020,$92.90,6382098,$91.97,$93.095,$90.71
07/07/2020,$93.01,5564231,$95.44,$95.515,$92.63
07/06/2020,$96.58,4059607,$96.51,$97.90,$95.84
07/02/2020,$94.33,4239747,$96.77,$97.29,$93.85
07/01/2020,$94.05,3301022,$95.25,$96.96,$93.64
06/30/2020,$95.20,4367083,$94.16,$95.60,$93.5656
06/29/2020,$94.52,4962408,$94.44,$95.41,$93.34
06/26/2020,$93.42,10489370,$95.93,$96.30,$92.45
06/25/2020,$97.85,5195380,$94.61,$98.12,$93.76
06/24/2020,$95.48,5958264,$97.65,$98.27,$94.995
06/23/2020,$99.42,4364753,$100.94,$101.6475,$99.245
06/22/2020,$99.44,4799863,$98.00,$100.50,$97.95
06/19/2020,$100.94,7589463,$104.23,$104.23,$99.32
06/18/2020,$102.16,3645733,$102.14,$103.49,$101.27
06/17/2020,$103.96,4408202,$105.67,$106.12,$103.83
06/16/2020,$105.62,6710620,$109.02,$109.06,$102.855
06/15/2020,$103.95,6478926,$100.00,$104.74,$97.62
06/12/2020,$101.68,7251105,$103.21,$103.50,$98.08
06/11/2020,$98.60,8601195,$100.87,$102.99,$98.13
06/10/2020,$106.16,5747397,$110.00,$110.33,$105.96
06/09/2020,$110.46,5517423,$110.08,$111.798,$108.67
06/08/2020,$113.67,6795230,$111.91,$113.71,$110.64
06/05/2020,$109.73,10097630,$114.11,$115.93,$108.07
06/04/2020,$106.54,5841610,$103.47,$107.43,$103.23
06/03/2020,$105.40,7301045,$102.78,$105.87,$101.6313
06/02/2020,$99.07,5433811,$98.60,$100.49,$98.17
06/01/2020,$96.75,4272832,$95.56,$98.07,$94.56
05/29/2020,$95.07,7711888,$95.50,$97.11,$94.66
05/28/2020,$98.06,9271708,$101.54,$102.46,$98.01
05/27/2020,$101.23,11007670,$100.00,$101.69,$96.80
05/26/2020,$94.32,6559362,$93.94,$95.57,$92.89
05/22/2020,$89.33,3734517,$89.71,$89.945,$88.209
05/21/2020,$89.83,6241894,$90.11,$91.43,$89.1246
05/20/2020,$90.73,5218515,$89.18,$91.34,$88.77
05/19/2020,$87.26,4920630,$88.42,$89.84,$86.6101
05/18/2020,$88.41,7787399,$86.72,$89.00,$85.92
05/15/2020,$82.22,6618627,$82.47,$83.39,$81.225
05/14/2020,$83.81,10625120,$76.92,$83.90,$76.00
05/13/2020,$78.03,10681600,$82.00,$82.13,$77.40
05/12/2020,$83.14,5504857,$86.10,$87.26,$83.10
05/11/2020,$85.33,5917627,$87.50,$87.65,$85.30
05/08/2020,$89.50,3917177,$88.50,$89.66,$87.545
05/07/2020,$86.73,4629415,$85.30,$87.37,$84.93
05/06/2020,$84.00,4723373,$87.49,$87.76,$83.86
05/05/2020,$86.74,4410262,$88.00,$88.73,$86.36
05/04/2020,$86.38,4875440,$86.09,$87.37,$85.02
05/01/2020,$88.32,4620175,$88.10,$89.07,$87.16
04/30/2020,$91.25,6553674,$93.75,$94.31,$91.17
04/29/2020,$96.12,9396537,$91.75,$96.39,$90.89
04/28/2020,$88.19,7165866,$87.56,$88.96,$86.21
04/27/2020,$85.06,7785036,$83.47,$85.15,$82.34
04/24/2020,$83.17,9126723,$84.13,$84.78,$81.31
04/23/2020,$82.46,5807217,$83.24,$84.78,$81.71
04/22/2020,$82.54,5133476,$83.60,$83.655,$81.97
04/21/2020,$81.52,7360284,$80.73,$82.455,$79.47
04/20/2020,$84.01,6140419,$84.59,$85.27,$82.69
04/17/2020,$87.39,8268973,$85.32,$87.39,$84.28
04/16/2020,$81.35,7526616,$83.79,$83.94,$80.335
04/15/2020,$83.79,10415570,$83.43,$85.40,$80.68
04/14/2020,$88.39,8703213,$91.46,$92.50,$85.91
04/13/2020,$90.33,5037661,$93.29,$93.42,$87.9429
04/09/2020,$94.82,6904961,$94.59,$97.85,$93.46
04/08/2020,$92.08,6122757,$89.21,$93.00,$88.1218
04/07/2020,$87.58,8693228,$91.43,$93.30,$87.42
04/06/2020,$83.87,11253030,$80.22,$84.25,$78.74
04/03/2020,$73.60,10023090,$76.00,$76.66,$72.61
04/02/2020,$76.66,8338115,$77.06,$79.12,$75.83
04/01/2020,$77.84,8313414,$80.65,$81.31,$77.00
03/31/2020,$85.61,6076864,$89.94,$90.90,$85.07
03/30/2020,$90.27,5564975,$88.51,$91.39,$85.27
03/27/2020,$88.73,7000135,$87.94,$91.97,$85.82
03/26/2020,$93.29,9461911,$92.24,$99.69,$90.84
03/25/2020,$90.17,11046490,$87.61,$96.46,$85.32
03/24/2020,$84.05,10593890,$73.51,$84.77,$71.70
03/23/2020,$68.96,8907637,$72.82,$75.4163,$68.12
03/20/2020,$74.12,12208560,$78.98,$82.44,$72.56
03/19/2020,$77.07,12330400,$72.54,$77.89,$69.79
03/18/2020,$73.75,14359270,$80.02,$81.52,$67.00
03/17/2020,$86.58,10512210,$87.61,$88.94,$83.22
03/16/2020,$85.87,15072430,$82.44,$93.18,$80.37
03/13/2020,$99.60,12680440,$90.38,$100.08,$84.30
03/12/2020,$83.53,12206640,$87.66,$89.61,$81.81
03/11/2020,$95.38,8823339,$100.30,$100.96,$93.87
03/10/2020,$103.30,9793181,$101.93,$103.365,$97.45
03/09/2020,$98.29,12266270,$100.87,$101.44,$96.935
03/06/2020,$108.24,9897802,$105.73,$108.77,$103.79
03/05/2020,$110.94,12060580,$111.62,$112.585,$109.70
03/04/2020,$115.70,7470920,$110.25,$115.79,$109.25
03/03/2020,$108.01,9285025,$115.02,$116.40,$107.00
03/02/2020,$113.87,9851607,$111.11,$113.99,$108.59
02/28/2020,$109.93,11363610,$109.05,$111.03,$107.0005
02/27/2020,$112.81,8279823,$115.90,$117.48,$112.78
02/26/2020,$118.50,5269710,$121.27,$122.43,$118.47
02/25/2020,$120.90,7628112,$127.71,$127.99,$119.9115
02/24/2020,$128.19,6329285,$129.43,$130.96,$127.23
02/21/2020,$134.90,3106406,$136.20,$136.27,$133.89
02/20/2020,$136.58,2541728,$136.41,$138.04,$134.90
02/19/2020,$136.93,1785417,$136.30,$137.42,$136.12
02/18/2020,$135.60,2428250,$135.87,$136.75,$134.94
02/14/2020,$135.87,2360549,$134.71,$136.37,$134.53
02/13/2020,$134.46,3178514,$133.15,$134.67,$133.06
02/12/2020,$133.24,1715434,$133.39,$133.7199,$132.53
02/11/2020,$132.63,1733538,$133.03,$133.65,$132.32
02/10/2020,$132.24,1816474,$131.61,$132.4999,$131.35
02/07/2020,$131.82,2885550,$132.57,$132.75,$131.34
02/06/2020,$133.25,1708611,$134.16,$134.35,$133.11
02/05/2020,$133.60,4084480,$133.43,$133.80,$131.29
02/04/2020,$131.85,2547518,$132.88,$133.34,$131.72
02/03/2020,$131.00,2721912,$130.55,$132.22,$130.45
01/31/2020,$129.87,3522773,$132.17,$132.2526,$129.38
01/30/2020,$133.22,2428584,$130.75,$133.33,$130.44
01/29/2020,$131.68,2518612,$132.48,$133.13,$131.44
01/28/2020,$132.45,3713052,$132.00,$133.87,$131.1377
01/27/2020,$130.64,6432363,$131.15,$131.98,$128.87
01/24/2020,$135.11,8612529,$136.36,$138.13,$133.85
01/23/2020,$131.37,3840990,$131.26,$131.57,$130.1413
01/22/2020,$131.49,2484078,$130.93,$132.27,$130.93
01/21/2020,$130.53,3102769,$131.11,$131.82,$130.39
01/17/2020,$131.52,3659734,$131.45,$131.86,$130.79
01/16/2020,$130.55,2424850,$130.50,$130.925,$129.71
01/15/2020,$129.82,3187196,$128.69,$129.84,$128.45
01/14/2020,$128.80,3836948,$128.62,$130.09,$128.34
01/13/2020,$128.54,3285752,$127.84,$128.95,$127.6306
01/10/2020,$127.28,2790286,$127.58,$128.17,$126.92
01/09/2020,$127.81,2788834,$126.49,$127.88,$126.3903
01/08/2020,$125.54,3460175,$124.05,$126.36,$123.80
01/07/2020,$123.41,2045027,$123.47,$124.40,$123.36
01/06/2020,$124.06,2855280,$123.37,$124.16,$123.1204
01/03/2020,$124.60,2090689,$124.32,$125.10,$123.94
01/02/2020,$125.85,2707979,$124.66,$126.27,$124.23
12/31/2019,$124.49,2340392,$124.29,$124.574,$123.78
12/30/2019,$124.30,2306455,$125.20,$125.46,$124.18
12/27/2019,$125.19,1788623,$125.84,$125.97,$125.11
12/26/2019,$125.41,1487824,$124.98,$125.437,$124.53
12/24/2019,$124.74,953540,$124.95,$125.33,$124.38
12/23/2019,$124.49,3031584,$125.74,$125.74,$123.70
12/20/2019,$125.77,5828698,$125.86,$126.275,$124.83
12/19/2019,$124.83,2543560,$124.18,$124.895,$123.88
12/18/2019,$124.26,3154151,$125.03,$125.07,$124.08
12/17/2019,$124.95,4325383,$123.99,$125.40,$123.2505
12/16/2019,$123.68,3416088,$125.65,$126.33,$123.342
12/13/2019,$124.72,3919223,$122.47,$124.99,$122.08
